--
-- PostgreSQL database dump
--

SET statement_timeout = 0;
SET client_encoding = 'UTF8';
SET standard_conforming_strings = off;
SET check_function_bodies = false;
SET client_min_messages = warning;
SET escape_string_warning = off;

--
-- Name: plpgsql; Type: PROCEDURAL LANGUAGE; Schema: -; Owner: postgres
--

CREATE OR REPLACE PROCEDURAL LANGUAGE plpgsql;


ALTER PROCEDURAL LANGUAGE plpgsql OWNER TO postgres;

SET search_path = public, pg_catalog;

SET default_tablespace = '';

SET default_with_oids = false;

--
-- Name: army; Type: TABLE; Schema: public; Owner: wof; Tablespace:
--

CREATE TABLE army (
    "armyId" integer NOT NULL,
    "playerId" integer NOT NULL,
    "position" point NOT NULL,
    "gameId" integer NOT NULL,
    destroyed boolean DEFAULT false NOT NULL
);


ALTER TABLE public.army OWNER TO wof;

--
-- Name: army_armyId_seq; Type: SEQUENCE; Schema: public; Owner: wof
--

CREATE SEQUENCE "army_armyId_seq"
    START WITH 1
    INCREMENT BY 1
    NO MINVALUE
    NO MAXVALUE
    CACHE 1;


ALTER TABLE public."army_armyId_seq" OWNER TO wof;

--
-- Name: army_armyId_seq; Type: SEQUENCE OWNED BY; Schema: public; Owner: wof
--

ALTER SEQUENCE "army_armyId_seq" OWNED BY army."armyId";


--
-- Name: army_armyId_seq; Type: SEQUENCE SET; Schema: public; Owner: wof
--

SELECT pg_catalog.setval('"army_armyId_seq"', 1, false);


--
-- Name: artefact; Type: TABLE; Schema: public; Owner: wof; Tablespace:
--

CREATE TABLE artefact (
    "artefactId" integer NOT NULL,
    name character varying(256),
    description text,
    image character varying(256),
    probability integer NOT NULL,
    "canFly" boolean DEFAULT false NOT NULL,
    "canSwim" boolean DEFAULT false NOT NULL,
    "modMovesForest" integer DEFAULT 0 NOT NULL,
    "modMovesGrass" integer DEFAULT 0 NOT NULL,
    "modMovesSwamp" integer DEFAULT 0 NOT NULL,
    "modMovesMountains" integer DEFAULT 0 NOT NULL,
    "modMovesWater" integer DEFAULT 0 NOT NULL,
    "modAttackForest" integer DEFAULT 0 NOT NULL,
    "modAttackGrass" integer DEFAULT 0 NOT NULL,
    "modAttackSwamp" integer DEFAULT 0 NOT NULL,
    "modAttackMountains" integer DEFAULT 0 NOT NULL,
    "modAttackWater" integer DEFAULT 0 NOT NULL,
    "modDefenseForest" integer DEFAULT 0 NOT NULL,
    "modDefenseGrass" integer DEFAULT 0 NOT NULL,
    "modDefenseSwamp" integer DEFAULT 0 NOT NULL,
    "modDefenseMountains" integer DEFAULT 0 NOT NULL,
    "modDefenseWater" integer DEFAULT 0 NOT NULL,
    "modMoves" integer DEFAULT 0 NOT NULL,
    "modAttack" integer DEFAULT 0 NOT NULL,
    "modDefense" integer DEFAULT 0 NOT NULL
);


ALTER TABLE public.artefact OWNER TO wof;

--
-- Name: artefact_artefactId_seq; Type: SEQUENCE; Schema: public; Owner: wof
--

CREATE SEQUENCE "artefact_artefactId_seq"
    START WITH 1
    INCREMENT BY 1
    NO MINVALUE
    NO MAXVALUE
    CACHE 1;


ALTER TABLE public."artefact_artefactId_seq" OWNER TO wof;

--
-- Name: artefact_artefactId_seq; Type: SEQUENCE OWNED BY; Schema: public; Owner: wof
--

ALTER SEQUENCE "artefact_artefactId_seq" OWNED BY artefact."artefactId";


--
-- Name: artefact_artefactId_seq; Type: SEQUENCE SET; Schema: public; Owner: wof
--

SELECT pg_catalog.setval('"artefact_artefactId_seq"', 1, false);


--
-- Name: castle; Type: TABLE; Schema: public; Owner: wof; Tablespace:
--

CREATE TABLE castle (
    "castleId" integer NOT NULL,
    "playerId" integer NOT NULL,
    "gameId" integer NOT NULL,
    production integer,
    "productionTurn" integer DEFAULT 0 NOT NULL,
    razed boolean DEFAULT false NOT NULL,
    "defenseMod" integer DEFAULT 0 NOT NULL
);


ALTER TABLE public.castle OWNER TO wof;

--
-- Name: castle_castleId_seq; Type: SEQUENCE; Schema: public; Owner: wof
--

CREATE SEQUENCE "castle_castleId_seq"
    START WITH 1
    INCREMENT BY 1
    NO MINVALUE
    NO MAXVALUE
    CACHE 1;


ALTER TABLE public."castle_castleId_seq" OWNER TO wof;

--
-- Name: castle_castleId_seq; Type: SEQUENCE OWNED BY; Schema: public; Owner: wof
--

ALTER SEQUENCE "castle_castleId_seq" OWNED BY castle."castleId";


--
-- Name: castle_castleId_seq; Type: SEQUENCE SET; Schema: public; Owner: wof
--

SELECT pg_catalog.setval('"castle_castleId_seq"', 1, false);


--
-- Name: game; Type: TABLE; Schema: public; Owner: wof; Tablespace:
--

CREATE TABLE game (
    "gameId" integer NOT NULL,
    "isActive" boolean DEFAULT true NOT NULL,
    "isOpen" boolean DEFAULT true NOT NULL,
    "numberOfPlayers" integer NOT NULL,
    "gameMasterId" integer,
    "turnPlayerId" integer,
    begin timestamp without time zone DEFAULT now(),
    "turnNumber" integer DEFAULT 1,
    channel integer
);


ALTER TABLE public.game OWNER TO wof;

--
-- Name: game_gameId_seq; Type: SEQUENCE; Schema: public; Owner: wof
--

CREATE SEQUENCE "game_gameId_seq"
    START WITH 1
    INCREMENT BY 1
    NO MINVALUE
    NO MAXVALUE
    CACHE 1;


ALTER TABLE public."game_gameId_seq" OWNER TO wof;

--
-- Name: game_gameId_seq; Type: SEQUENCE OWNED BY; Schema: public; Owner: wof
--

ALTER SEQUENCE "game_gameId_seq" OWNED BY game."gameId";


--
-- Name: game_gameId_seq; Type: SEQUENCE SET; Schema: public; Owner: wof
--

SELECT pg_catalog.setval('"game_gameId_seq"', 30, true);


--
-- Name: hero; Type: TABLE; Schema: public; Owner: wof; Tablespace:
--

CREATE TABLE hero (
    "heroId" integer NOT NULL,
    "playerId" integer NOT NULL,
    "numberOfMoves" integer DEFAULT 16 NOT NULL,
    "attackPoints" integer DEFAULT 5 NOT NULL,
    "defensePoints" integer DEFAULT 5 NOT NULL,
    experience integer DEFAULT 0,
    name character varying(32)
);


ALTER TABLE public.hero OWNER TO wof;

--
-- Name: hero_heroId_seq; Type: SEQUENCE; Schema: public; Owner: wof
--

CREATE SEQUENCE "hero_heroId_seq"
    START WITH 1
    INCREMENT BY 1
    NO MINVALUE
    NO MAXVALUE
    CACHE 1;


ALTER TABLE public."hero_heroId_seq" OWNER TO wof;

--
-- Name: hero_heroId_seq; Type: SEQUENCE OWNED BY; Schema: public; Owner: wof
--

ALTER SEQUENCE "hero_heroId_seq" OWNED BY hero."heroId";


--
-- Name: hero_heroId_seq; Type: SEQUENCE SET; Schema: public; Owner: wof
--

SELECT pg_catalog.setval('"hero_heroId_seq"', 29, true);


--
-- Name: heroesingame; Type: TABLE; Schema: public; Owner: wof; Tablespace:
--

CREATE TABLE heroesingame (
    "heroId" integer NOT NULL,
    "gameId" integer NOT NULL,
    "armyId" integer,
    "movesLeft" integer DEFAULT 0 NOT NULL
);


ALTER TABLE public.heroesingame OWNER TO wof;

--
-- Name: inventory; Type: TABLE; Schema: public; Owner: wof; Tablespace:
--

CREATE TABLE inventory (
    "heroId" integer NOT NULL,
    "artefactId" integer NOT NULL
);


ALTER TABLE public.inventory OWNER TO wof;

--
-- Name: map; Type: TABLE; Schema: public; Owner: wof; Tablespace:
--

CREATE TABLE map (
    "mapId" integer NOT NULL,
    "playerId" integer NOT NULL,
    name character varying NOT NULL,
    "mapWidth" integer NOT NULL,
    "mapHeight" integer NOT NULL
);


ALTER TABLE public.map OWNER TO wof;

--
-- Name: map_mapId_seq; Type: SEQUENCE; Schema: public; Owner: wof
--

CREATE SEQUENCE "map_mapId_seq"
    START WITH 1
    INCREMENT BY 1
    NO MINVALUE
    NO MAXVALUE
    CACHE 1;


ALTER TABLE public."map_mapId_seq" OWNER TO wof;

--
-- Name: map_mapId_seq; Type: SEQUENCE OWNED BY; Schema: public; Owner: wof
--

ALTER SEQUENCE "map_mapId_seq" OWNED BY map."mapId";


--
-- Name: map_mapId_seq; Type: SEQUENCE SET; Schema: public; Owner: wof
--

SELECT pg_catalog.setval('"map_mapId_seq"', 1, false);


--
-- Name: player; Type: TABLE; Schema: public; Owner: wof; Tablespace:
--

CREATE TABLE player (
    "fbId" character varying(256),
    "playerId" integer NOT NULL,
    activity timestamp without time zone DEFAULT now(),
    login character varying,
    password character varying,
    "isLogged" boolean DEFAULT false,
    "firstName" character varying(256),
    "lastName" character varying(256),
    locale character varying(5),
    computer boolean DEFAULT false NOT NULL
);


ALTER TABLE public.player OWNER TO wof;

--
-- Name: player_playerId_seq; Type: SEQUENCE; Schema: public; Owner: wof
--

CREATE SEQUENCE "player_playerId_seq"
    START WITH 1
    INCREMENT BY 1
    NO MINVALUE
    NO MAXVALUE
    CACHE 1;


ALTER TABLE public."player_playerId_seq" OWNER TO wof;

--
-- Name: player_playerId_seq; Type: SEQUENCE OWNED BY; Schema: public; Owner: wof
--

ALTER SEQUENCE "player_playerId_seq" OWNED BY player."playerId";


--
-- Name: player_playerId_seq; Type: SEQUENCE SET; Schema: public; Owner: wof
--

SELECT pg_catalog.setval('"player_playerId_seq"', 29, true);


--
-- Name: playersingame; Type: TABLE; Schema: public; Owner: wof; Tablespace:
--

CREATE TABLE playersingame (
    "gameId" integer NOT NULL,
    "playerId" integer NOT NULL,
    color character varying,
    timeout timestamp without time zone DEFAULT now() NOT NULL,
    ready boolean DEFAULT false NOT NULL,
    "turnActive" boolean DEFAULT false NOT NULL,
    gold integer DEFAULT 0 NOT NULL,
    lost boolean DEFAULT false NOT NULL
);


ALTER TABLE public.playersingame OWNER TO wof;

--
-- Name: production; Type: TABLE; Schema: public; Owner: wof; Tablespace:
--

CREATE TABLE production (
    "castleId" integer NOT NULL,
    "unitId" integer NOT NULL,
    "numberOfTurns" integer DEFAULT 1 NOT NULL,
    "order" integer NOT NULL
);


ALTER TABLE public.production OWNER TO wof;

--
-- Name: ruin; Type: TABLE; Schema: public; Owner: wof; Tablespace:
--

CREATE TABLE ruin (
    "ruinId" integer NOT NULL,
    "gameId" integer NOT NULL
);


ALTER TABLE public.ruin OWNER TO wof;

--
-- Name: soldier; Type: TABLE; Schema: public; Owner: wof; Tablespace:
--

CREATE TABLE soldier (
    "soldierId" integer NOT NULL,
    "armyId" integer NOT NULL,
    "unitId" integer NOT NULL,
    experience integer DEFAULT 0 NOT NULL,
    "gameId" integer,
    "movesLeft" integer DEFAULT 0
);


ALTER TABLE public.soldier OWNER TO wof;

--
-- Name: soldier_soldierId_seq; Type: SEQUENCE; Schema: public; Owner: wof
--

CREATE SEQUENCE "soldier_soldierId_seq"
    START WITH 1
    INCREMENT BY 1
    NO MINVALUE
    NO MAXVALUE
    CACHE 1;


ALTER TABLE public."soldier_soldierId_seq" OWNER TO wof;

--
-- Name: soldier_soldierId_seq; Type: SEQUENCE OWNED BY; Schema: public; Owner: wof
--

ALTER SEQUENCE "soldier_soldierId_seq" OWNED BY soldier."soldierId";


--
-- Name: soldier_soldierId_seq; Type: SEQUENCE SET; Schema: public; Owner: wof
--

SELECT pg_catalog.setval('"soldier_soldierId_seq"', 623, true);


--
-- Name: tower; Type: TABLE; Schema: public; Owner: wof; Tablespace:
--

CREATE TABLE tower (
    "towerId" integer NOT NULL,
    "gameId" integer NOT NULL,
    "playerId" integer NOT NULL
);


ALTER TABLE public.tower OWNER TO wof;

--
-- Name: unit; Type: TABLE; Schema: public; Owner: wof; Tablespace:
--

CREATE TABLE unit (
    "unitId" integer NOT NULL,
    name character varying,
    "numberOfMoves" integer NOT NULL,
    "attackPoints" integer NOT NULL,
    "defensePoints" integer NOT NULL,
    "canFly" boolean DEFAULT false NOT NULL,
    "canSwim" boolean DEFAULT false NOT NULL,
    "modMovesForest" integer DEFAULT 0 NOT NULL,
    "modMovesGrass" integer DEFAULT 0 NOT NULL,
    "modMovesSwamp" integer DEFAULT 0 NOT NULL,
    "modMovesMountains" integer DEFAULT 0 NOT NULL,
    "modMovesWater" integer DEFAULT 0 NOT NULL,
    "modAttackForest" integer DEFAULT 0 NOT NULL,
    "modAttackGrass" integer DEFAULT 0 NOT NULL,
    "modAttackSwamp" integer DEFAULT 0 NOT NULL,
    "modAttackMountains" integer DEFAULT 0 NOT NULL,
    "modAttackWater" integer DEFAULT 0 NOT NULL,
    "modDefenseForest" integer DEFAULT 0 NOT NULL,
    "modDefenseGrass" integer DEFAULT 0 NOT NULL,
    "modDefenseSwamp" integer DEFAULT 0 NOT NULL,
    "modDefenseMountains" integer DEFAULT 0 NOT NULL,
    "modDefenseWater" integer DEFAULT 0 NOT NULL,
    cost integer DEFAULT 0 NOT NULL
);


ALTER TABLE public.unit OWNER TO wof;

--
-- Name: unit_unitId_seq; Type: SEQUENCE; Schema: public; Owner: wof
--

CREATE SEQUENCE "unit_unitId_seq"
    START WITH 1
    INCREMENT BY 1
    NO MINVALUE
    NO MAXVALUE
    CACHE 1;


ALTER TABLE public."unit_unitId_seq" OWNER TO wof;

--
-- Name: unit_unitId_seq; Type: SEQUENCE OWNED BY; Schema: public; Owner: wof
--

ALTER SEQUENCE "unit_unitId_seq" OWNED BY unit."unitId";


--
-- Name: unit_unitId_seq; Type: SEQUENCE SET; Schema: public; Owner: wof
--

SELECT pg_catalog.setval('"unit_unitId_seq"', 15, true);


--
-- Name: artefactId; Type: DEFAULT; Schema: public; Owner: wof
--

ALTER TABLE artefact ALTER COLUMN "artefactId" SET DEFAULT nextval('"artefact_artefactId_seq"'::regclass);


--
-- Name: gameId; Type: DEFAULT; Schema: public; Owner: wof
--

ALTER TABLE game ALTER COLUMN "gameId" SET DEFAULT nextval('"game_gameId_seq"'::regclass);


--
-- Name: heroId; Type: DEFAULT; Schema: public; Owner: wof
--

ALTER TABLE hero ALTER COLUMN "heroId" SET DEFAULT nextval('"hero_heroId_seq"'::regclass);


--
-- Name: mapId; Type: DEFAULT; Schema: public; Owner: wof
--

ALTER TABLE map ALTER COLUMN "mapId" SET DEFAULT nextval('"map_mapId_seq"'::regclass);


--
-- Name: playerId; Type: DEFAULT; Schema: public; Owner: wof
--

ALTER TABLE player ALTER COLUMN "playerId" SET DEFAULT nextval('"player_playerId_seq"'::regclass);


--
-- Name: soldierId; Type: DEFAULT; Schema: public; Owner: wof
--

ALTER TABLE soldier ALTER COLUMN "soldierId" SET DEFAULT nextval('"soldier_soldierId_seq"'::regclass);


--
-- Name: unitId; Type: DEFAULT; Schema: public; Owner: wof
--

ALTER TABLE unit ALTER COLUMN "unitId" SET DEFAULT nextval('"unit_unitId_seq"'::regclass);


--
-- Data for Name: army; Type: TABLE DATA; Schema: public; Owner: wof
--

COPY army ("armyId", "playerId", "position", "gameId", destroyed) FROM stdin;
102	15	(3360,1680)	13	t
103	15	(3440,1800)	13	t
104	15	(3480,1080)	13	t
105	15	(3600,640)	13	t
114	15	(3440,1800)	13	t
115	15	(3480,1080)	13	t
153	15	(3480,1080)	13	t
157	15	(3440,1800)	13	t
158	15	(3600,640)	13	t
2	11	(1880,1360)	20	t
171	15	(1800,360)	13	f
106	15	(3200,80)	13	t
112	15	(3280,80)	13	t
133	15	(2440,1040)	13	t
252	11	(1240,720)	13	f
141	15	(3480,1080)	13	t
144	15	(3360,1680)	13	t
160	11	(1720,1800)	13	t
161	11	(2360,960)	13	t
162	11	(2240,1080)	13	t
163	11	(2160,880)	13	t
164	11	(2720,720)	13	t
165	11	(1320,1520)	13	t
188	11	(1720,1800)	13	t
189	11	(2360,960)	13	t
116	15	(3440,80)	13	t
142	15	(3400,80)	13	t
167	15	(3360,1680)	13	t
170	15	(3440,1800)	13	t
190	11	(2240,1080)	13	t
191	11	(1320,1520)	13	t
193	11	(2720,720)	13	t
113	15	(2400,1840)	13	t
226	15	(3480,1080)	13	t
227	15	(4000,120)	13	t
156	15	(3320,200)	13	t
168	15	(3320,200)	13	t
229	15	(2840,240)	13	t
169	15	(3600,640)	13	t
143	15	(2760,1200)	13	t
230	15	(3440,1800)	13	t
231	15	(3400,80)	13	t
251	11	(320,1360)	13	t
253	11	(1720,1800)	13	t
255	11	(2360,960)	13	t
192	11	(2400,960)	13	t
202	11	(1720,1800)	13	t
203	11	(2360,960)	13	t
204	11	(2240,1080)	13	t
206	11	(2720,720)	13	t
208	11	(2160,880)	13	t
209	11	(1240,720)	13	t
84	11	(2880,280)	13	t
256	11	(2240,1080)	13	t
257	11	(1320,1520)	13	t
267	15	(2760,1240)	13	f
211	11	(1480,2320)	13	t
145	15	(3120,320)	13	t
254	11	(2360,960)	13	f
154	15	(2720,1200)	13	f
232	15	(3280,1600)	13	f
228	15	(2880,480)	13	f
218	11	(2320,120)	13	t
219	11	(1720,1800)	13	t
220	11	(2360,960)	13	t
221	11	(2240,1080)	13	t
222	11	(2160,880)	13	t
223	11	(1240,720)	13	t
224	11	(1320,1520)	13	t
25	11	(2240,1080)	20	t
249	15	(3360,1680)	13	f
207	11	(2400,1000)	13	f
269	11	(320,1360)	13	t
28	11	(2160,880)	20	t
155	15	(2480,1040)	13	t
270	11	(1720,1800)	13	t
271	11	(2240,1080)	13	t
273	11	(2160,880)	13	t
86	11	(2400,1000)	13	t
150	11	(1640,1360)	13	t
26	11	(1760,1840)	20	f
241	11	(2360,960)	13	t
16	11	(960,2160)	20	t
125	11	(2760,1800)	13	f
265	15	(3280,1600)	13	f
50	11	(2160,880)	20	t
205	11	(2360,1000)	13	f
18	11	(2240,1120)	20	f
258	11	(1920,240)	13	t
272	11	(1360,1440)	13	f
274	11	(1880,1040)	13	f
8	11	(1760,1800)	20	f
4	11	(1880,1360)	20	t
13	11	(2200,920)	20	f
6	10	(1680,1440)	20	t
10	11	(2240,1080)	20	t
12	11	(2240,1080)	20	t
22	11	(2240,1080)	20	t
23	11	(1720,1800)	20	t
34	11	(1680,1040)	20	t
51	11	(1720,1800)	20	t
35	11	(2320,1040)	20	t
52	11	(2360,960)	20	t
60	11	(2160,880)	20	t
48	11	(1680,1040)	20	t
32	11	(3360,40)	20	t
56	11	(1720,1800)	20	t
54	11	(1680,1040)	20	t
57	11	(2360,960)	20	t
58	11	(2840,240)	20	t
61	11	(1640,1480)	20	t
49	11	(2640,1400)	20	f
27	11	(2240,1120)	20	t
55	11	(2280,1080)	20	t
62	11	(2720,720)	20	t
63	11	(1680,1040)	20	t
64	11	(1720,1800)	20	t
10	12	(1640,1480)	11	f
66	11	(2240,1080)	20	t
70	11	(2720,720)	20	t
71	11	(720,1840)	20	f
65	11	(2560,1040)	20	t
72	11	(1720,1800)	20	t
73	11	(2240,1080)	20	t
36	11	(2760,720)	20	f
69	11	(1480,1360)	20	f
81	15	(3480,160)	13	t
61	15	(3480,160)	13	t
90	15	(3160,1400)	13	t
73	15	(3160,1400)	13	t
26	15	(3560,40)	13	t
107	11	(1720,1800)	13	t
108	11	(2720,720)	13	t
109	11	(2360,960)	13	t
110	11	(2240,1080)	13	t
147	11	(2560,1040)	13	t
129	15	(3400,80)	13	t
5	12	(1840,1760)	11	f
1	12	(2240,1840)	11	f
4	10	(2240,2080)	11	f
49	11	(2400,1000)	13	t
6	10	(2000,1360)	11	f
2	10	(3480,1520)	11	f
9	12	(1720,1680)	11	f
1	16	(1640,1480)	10	f
2	15	(2480,2240)	10	f
62	15	(3480,160)	13	t
127	15	(3400,80)	13	t
15	11	(2200,960)	13	t
128	15	(3400,80)	13	t
80	11	(1320,800)	13	t
1	14	(2280,1840)	9	f
5	11	(2760,1600)	13	t
58	11	(2480,1080)	13	t
1	13	(2480,2240)	12	f
44	11	(2680,1160)	13	t
148	11	(2360,960)	13	t
2	14	(1640,1480)	12	f
74	15	(2760,1320)	13	t
11	11	(1520,1360)	13	t
1	10	(2360,1800)	8	f
2	11	(1880,1360)	8	t
8	11	(1720,1120)	13	t
33	11	(2360,960)	13	t
34	11	(2240,1080)	13	t
3	12	(1640,1480)	11	t
35	11	(1720,1800)	13	t
3	11	(1880,1360)	13	t
23	11	(1720,1800)	13	t
1	15	(2760,1800)	13	t
6	11	(2040,1280)	13	t
12	11	(1360,1480)	13	t
24	15	(3320,1640)	13	t
10	15	(3200,1520)	13	t
7	12	(1640,1480)	11	t
16	11	(1760,1840)	13	t
8	10	(2480,2240)	11	f
17	11	(1920,1360)	13	t
25	11	(1640,1480)	13	t
36	11	(2360,960)	13	t
37	11	(2240,1080)	13	t
38	11	(1720,1800)	13	t
54	11	(2360,960)	13	t
7	11	(2320,1040)	13	t
19	11	(2200,960)	13	t
4	15	(3320,1640)	13	t
2	11	(2200,960)	13	t
9	11	(1720,1280)	13	t
13	11	(2200,960)	13	t
46	11	(2360,960)	13	t
55	11	(2240,1080)	13	t
14	11	(2200,960)	13	t
57	11	(1720,1800)	13	t
47	11	(2240,1080)	13	t
31	11	(1640,1480)	13	t
42	11	(1720,1800)	13	t
22	11	(2240,1080)	13	t
28	11	(2360,960)	13	t
48	11	(1640,1480)	13	t
50	11	(1720,1800)	13	t
27	11	(2160,880)	13	t
41	11	(2480,1080)	13	t
126	15	(3440,1800)	13	t
66	11	(1640,1480)	13	t
70	11	(1320,1520)	13	t
130	15	(3360,1680)	13	t
131	15	(3600,640)	13	t
59	11	(2880,280)	13	t
134	15	(2760,1320)	13	t
67	11	(2760,1280)	13	t
30	15	(3320,1640)	13	t
45	15	(3560,1520)	13	t
63	11	(2360,960)	13	t
20	15	(1920,1360)	13	t
64	11	(2240,1080)	13	t
72	15	(1680,1560)	13	t
65	11	(1720,1800)	13	t
60	15	(2760,1320)	13	t
68	11	(3320,80)	13	t
39	15	(2560,1040)	13	t
43	11	(1960,1360)	13	t
32	15	(2560,1040)	13	t
21	11	(360,1640)	13	t
77	11	(1960,1320)	13	t
75	11	(1720,1080)	13	t
87	11	(2360,960)	13	t
56	11	(1800,1360)	13	t
51	15	(2320,2080)	13	t
117	15	(2640,1400)	13	t
78	11	(1720,1800)	13	t
85	11	(3040,320)	13	t
71	15	(3680,280)	13	t
29	11	(3160,80)	13	t
172	11	(2880,280)	13	t
79	11	(1720,1440)	13	t
52	15	(2600,1400)	13	t
53	15	(3680,720)	13	t
92	15	(3360,1680)	13	t
40	11	(2880,280)	13	t
76	11	(2200,1160)	13	t
88	11	(2240,1080)	13	t
89	11	(1320,1520)	13	t
18	11	(1680,80)	13	t
82	15	(3680,280)	13	t
93	15	(3440,1800)	13	t
91	15	(3680,280)	13	t
83	11	(1360,1200)	13	t
69	11	(3040,320)	13	t
194	15	(2880,280)	13	f
95	11	(3000,320)	13	t
149	11	(2240,1080)	13	t
151	11	(2880,280)	13	t
94	11	(1720,1800)	13	t
97	11	(2720,720)	13	t
98	11	(2360,960)	13	t
99	11	(2240,1080)	13	t
1	13	(1640,1480)	15	f
2	14	(2480,2240)	15	f
2	13	(1640,1480)	17	f
1	14	(2040,1960)	17	f
1	13	(1640,1480)	18	f
2	14	(2240,2040)	18	f
268	15	(3360,1680)	13	f
111	11	(1320,1520)	13	t
118	11	(1720,1800)	13	t
119	11	(2720,720)	13	t
124	11	(3120,0)	13	t
261	15	(3280,240)	13	f
262	15	(3200,1400)	13	f
1	10	(2240,1160)	20	t
263	15	(3600,160)	13	f
120	11	(2680,1160)	13	t
135	11	(1720,1800)	13	t
136	11	(2720,720)	13	t
137	11	(2360,960)	13	t
138	11	(2240,1080)	13	t
139	11	(1320,1520)	13	t
15	11	(2240,1080)	20	t
159	15	(3960,160)	13	t
121	11	(2760,1280)	13	t
146	11	(1720,1800)	13	t
101	11	(960,1400)	13	t
152	11	(2160,880)	13	t
132	15	(2760,1320)	13	t
176	11	(2160,880)	13	t
177	11	(2720,720)	13	t
166	11	(3440,160)	13	t
123	11	(400,1440)	13	t
200	15	(2600,1400)	13	f
197	15	(3440,1800)	13	t
182	15	(3360,1680)	13	t
183	15	(3440,1800)	13	t
184	15	(3480,1080)	13	t
185	15	(3600,640)	13	t
186	15	(2600,1400)	13	t
187	15	(4000,120)	13	t
100	11	(1360,1160)	13	t
174	11	(2400,960)	13	t
175	11	(2400,960)	13	t
122	11	(2400,960)	13	t
198	15	(3480,1080)	13	t
201	15	(4000,120)	13	t
240	11	(600,1280)	13	f
233	11	(1720,1800)	13	t
236	11	(2160,880)	13	t
237	11	(1240,720)	13	t
213	15	(2760,1240)	13	f
210	11	(1480,2320)	13	t
264	15	(3560,1320)	13	f
96	11	(2040,280)	13	t
31	11	(1720,1800)	20	t
7	11	(1920,1360)	20	t
239	11	(1360,1320)	13	f
196	15	(3120,320)	13	t
215	15	(3360,1680)	13	t
216	15	(3400,80)	13	t
217	15	(3600,640)	13	t
17	11	(2200,960)	20	t
19	11	(2240,1080)	20	t
179	11	(2040,280)	13	t
238	11	(1320,880)	13	f
5	11	(2240,1120)	20	t
212	15	(3360,1680)	13	f
140	11	(2880,1640)	13	t
178	11	(2360,1000)	13	f
181	11	(360,1640)	13	t
199	15	(2800,1400)	13	t
195	15	(2760,1320)	13	t
242	15	(3480,1080)	13	t
243	15	(4000,120)	13	t
245	15	(3440,1800)	13	t
248	15	(3600,640)	13	t
234	11	(2400,1000)	13	t
235	11	(2400,1000)	13	t
225	11	(2400,1000)	13	t
180	11	(2440,1040)	13	t
250	15	(2760,1240)	13	t
244	15	(2880,280)	13	t
21	11	(2160,880)	20	t
173	11	(3000,1320)	13	f
259	15	(2840,240)	13	t
260	15	(3400,80)	13	t
214	15	(2880,280)	13	t
246	15	(2880,280)	13	f
247	15	(3080,320)	13	f
266	15	(3080,1360)	13	f
3	10	(2480,2240)	20	f
11	11	(2200,960)	20	t
9	10	(1760,1760)	20	t
24	11	(1680,1160)	20	t
30	11	(2160,880)	20	t
37	11	(1680,1040)	20	t
38	11	(2160,880)	20	t
29	11	(2240,1080)	20	t
39	11	(1720,1800)	20	t
20	11	(2400,1000)	20	f
46	11	(2760,760)	20	f
41	11	(1680,1040)	20	t
42	11	(2240,1080)	20	t
43	11	(2160,880)	20	t
45	11	(1720,1800)	20	t
47	11	(2360,960)	20	t
14	11	(1720,1080)	20	f
44	11	(1640,1480)	20	t
59	10	(3600,640)	20	t
33	10	(4200,1840)	20	f
68	11	(2160,880)	20	t
74	11	(2360,960)	20	t
76	11	(2720,720)	20	t
53	10	(3520,1080)	20	f
75	11	(2160,880)	20	t
40	11	(1680,1040)	20	t
79	11	(2360,960)	20	t
80	11	(2600,1400)	20	t
78	11	(2160,880)	20	t
82	11	(2720,720)	20	t
83	11	(2360,960)	20	t
67	10	(3440,1760)	20	t
81	11	(2280,1120)	20	f
84	11	(2600,1400)	20	f
85	11	(1680,1040)	20	f
77	11	(1760,1840)	20	t
1	11	(640,560)	21	f
3	11	(2440,2200)	21	t
20	11	(1680,40)	22	f
89	10	(3600,640)	20	t
90	11	(600,1280)	20	f
91	11	(2720,720)	20	f
93	11	(2240,1080)	20	t
21	11	(2160,880)	21	t
22	11	(880,2160)	21	t
13	11	(2400,2160)	21	t
6	11	(2280,1120)	21	f
88	10	(3480,1080)	20	t
92	11	(2280,1120)	20	t
95	11	(2160,880)	20	t
96	11	(2240,1080)	20	t
97	11	(2360,960)	20	t
86	11	(1640,1640)	20	f
5	11	(1520,1360)	21	f
16	11	(1720,1080)	21	f
87	11	(720,720)	20	f
98	10	(3480,1080)	20	f
26	11	(880,2160)	21	t
99	10	(3720,1280)	20	f
27	11	(2240,1080)	21	t
43	11	(2640,1400)	21	f
94	10	(3560,240)	20	f
1	15	(1640,1480)	14	f
1	15	(1640,1480)	16	f
2	10	(2480,2240)	16	f
14	11	(2640,1400)	21	t
7	11	(2160,880)	21	t
31	11	(880,2160)	21	t
45	11	(2480,2240)	21	f
42	11	(2240,1080)	21	t
44	11	(2360,960)	21	t
8	11	(2160,880)	21	t
9	11	(2360,960)	21	t
46	11	(1680,1040)	21	t
10	10	(2480,2240)	22	f
10	11	(2160,880)	21	t
11	11	(2600,1400)	21	t
12	11	(2360,960)	21	t
58	11	(1920,1360)	21	f
15	11	(2360,960)	21	t
33	11	(880,2160)	21	f
4	11	(1720,1800)	21	f
25	11	(2240,1080)	21	t
29	11	(2000,2040)	21	t
19	11	(2240,1080)	21	t
17	11	(2360,960)	21	t
18	11	(2160,880)	21	t
35	11	(2160,880)	21	t
23	11	(3280,1240)	21	t
54	11	(2160,880)	21	t
15	10	(1880,1360)	22	t
20	11	(2160,880)	21	t
49	11	(1680,1040)	21	f
32	11	(2960,1400)	21	t
24	10	(2480,2240)	21	t
48	11	(2360,960)	21	t
55	11	(2240,1080)	21	t
56	11	(2600,1400)	21	t
57	11	(2360,960)	21	t
59	11	(1320,1520)	21	t
60	11	(760,800)	21	t
61	11	(2720,720)	21	t
50	10	(3600,640)	21	t
62	11	(3640,720)	21	t
36	11	(2160,880)	21	t
37	11	(2240,1080)	21	t
38	11	(2600,1400)	21	t
39	11	(2360,960)	21	t
40	11	(2480,2240)	21	t
2	10	(3600,640)	21	t
34	11	(3640,680)	21	f
1	10	(2480,2240)	19	f
2	11	(760,800)	19	f
6	11	(880,320)	22	t
52	11	(1640,1480)	21	f
47	11	(2360,960)	21	t
51	11	(2160,880)	21	t
53	11	(2240,1080)	21	t
13	11	(880,320)	22	t
14	11	(760,800)	22	t
41	11	(2720,760)	21	f
9	11	(1320,1560)	22	f
30	11	(1360,1520)	21	f
28	11	(3400,1400)	21	f
11	11	(880,320)	22	t
2	11	(1680,1240)	22	t
4	11	(760,800)	22	t
12	10	(2480,2240)	22	t
23	11	(760,800)	22	t
8	11	(880,320)	22	t
24	10	(1760,1360)	22	t
1	10	(1800,1880)	22	t
16	11	(280,280)	22	t
17	11	(880,320)	22	t
26	11	(880,320)	22	t
27	11	(160,640)	22	t
43	11	(2120,2320)	22	f
19	10	(1920,1360)	22	t
18	11	(240,600)	22	t
31	11	(1240,1400)	22	t
30	11	(760,800)	22	t
32	11	(880,320)	22	t
28	11	(960,1560)	22	t
22	11	(2360,160)	22	f
38	11	(880,320)	22	t
7	10	(1720,1800)	22	f
3	10	(1920,1360)	22	t
35	10	(1920,1360)	22	t
33	11	(1600,1360)	22	t
34	11	(1320,1360)	22	t
25	11	(1240,680)	22	t
40	11	(280,280)	22	t
41	11	(1320,1520)	22	t
39	11	(2000,1320)	22	t
37	11	(1480,1360)	22	t
45	10	(2200,960)	22	t
36	10	(1920,1360)	22	t
5	11	(600,1360)	22	t
42	11	(320,1360)	22	t
21	11	(1680,1040)	22	f
29	10	(1920,1360)	22	t
46	11	(880,320)	22	t
90	11	(1360,1520)	22	f
48	11	(1560,1360)	22	t
51	11	(880,320)	22	t
113	10	(1520,1920)	22	f
70	10	(1960,1120)	22	t
132	11	(1600,1240)	22	f
53	11	(1360,1520)	22	t
55	11	(760,800)	22	t
60	11	(320,1360)	22	t
138	10	(1680,1640)	22	f
1	16	(760,800)	23	f
49	10	(1720,1800)	22	t
44	10	(2240,1080)	22	t
2	15	(2480,2240)	23	f
58	11	(1360,960)	22	f
133	11	(1680,1360)	22	t
100	10	(1680,1360)	22	f
75	11	(760,2040)	22	f
47	11	(520,520)	22	t
62	11	(880,320)	22	t
63	11	(320,1680)	22	t
64	11	(1680,1040)	22	t
65	11	(1920,80)	22	t
67	11	(1320,1520)	22	t
68	11	(320,1360)	22	t
61	10	(2200,960)	22	t
56	11	(1240,720)	22	t
66	11	(800,840)	22	f
69	11	(360,1040)	22	f
92	11	(320,1360)	22	t
94	11	(1640,0)	22	t
95	11	(880,320)	22	t
96	11	(1320,1520)	22	t
97	11	(760,800)	22	t
77	11	(920,2120)	22	t
121	11	(1560,120)	22	f
73	11	(760,800)	22	t
76	11	(880,320)	22	t
79	11	(1920,80)	22	t
80	11	(1320,1520)	22	t
81	11	(320,1360)	22	t
137	10	(3120,200)	22	f
59	11	(960,1480)	22	f
72	10	(2200,920)	22	t
71	10	(2040,1120)	22	t
50	10	(1960,1120)	22	t
88	11	(1920,80)	22	f
52	11	(480,1480)	22	t
85	11	(320,1680)	22	t
87	11	(880,320)	22	t
89	11	(1320,1520)	22	t
111	11	(2160,2000)	22	f
3	10	(4000,120)	25	f
124	10	(2720,720)	22	f
4	13	(2480,2240)	25	f
123	10	(2360,960)	22	t
112	10	(2760,720)	22	t
4	15	(760,800)	27	t
2	10	(2480,2240)	28	f
110	11	(1720,1040)	22	t
83	10	(2880,280)	22	f
82	10	(2000,1320)	22	t
84	10	(2600,840)	22	t
74	11	(1240,720)	22	t
57	11	(2400,200)	22	t
91	11	(1200,2280)	22	t
99	10	(2240,1080)	22	t
98	10	(2240,1080)	22	t
101	11	(320,1000)	22	f
109	11	(760,800)	22	f
102	11	(160,640)	22	t
103	11	(320,1680)	22	t
104	11	(280,280)	22	t
105	11	(320,1360)	22	t
106	11	(1640,0)	22	t
107	11	(880,320)	22	t
108	11	(1320,1520)	22	t
86	11	(1640,1360)	22	f
114	11	(1240,720)	22	f
115	11	(160,640)	22	f
117	11	(280,280)	22	f
118	11	(320,1360)	22	t
119	11	(2320,120)	22	t
120	11	(1640,0)	22	t
134	11	(1600,1360)	22	f
1	14	(600,560)	25	f
1	15	(1000,480)	27	f
54	10	(2000,1320)	22	t
128	11	(600,1280)	22	f
129	11	(2320,120)	22	f
116	11	(560,1920)	22	t
125	11	(320,1360)	22	t
126	11	(320,1680)	22	t
93	11	(1320,1520)	22	t
127	11	(880,320)	22	t
130	11	(1640,0)	22	t
2	25	(1320,1400)	25	f
78	11	(1680,1040)	22	t
122	11	(1680,1040)	22	t
131	11	(1360,1520)	22	t
135	10	(2240,1080)	22	f
136	10	(2360,960)	22	t
1	26	(760,800)	26	f
2	15	(2480,2240)	26	f
1	28	(760,800)	24	f
2	15	(2480,2240)	24	f
3	16	(2480,2240)	27	t
1	29	(840,360)	29	t
5	16	(2480,2240)	27	t
2	16	(1800,1880)	27	t
1	29	(760,800)	28	f
3	10	(2480,2240)	29	f
4	29	(760,800)	29	t
2	10	(2680,1840)	29	f
1	29	(2480,2240)	30	f
2	10	(760,800)	30	f
\.


--
-- Data for Name: artefact; Type: TABLE DATA; Schema: public; Owner: wof
--

COPY artefact ("artefactId", name, description, image, probability, "canFly", "canSwim", "modMovesForest", "modMovesGrass", "modMovesSwamp", "modMovesMountains", "modMovesWater", "modAttackForest", "modAttackGrass", "modAttackSwamp", "modAttackMountains", "modAttackWater", "modDefenseForest", "modDefenseGrass", "modDefenseSwamp", "modDefenseMountains", "modDefenseWater", "modMoves", "modAttack", "modDefense") FROM stdin;
\.


--
-- Data for Name: castle; Type: TABLE DATA; Schema: public; Owner: wof
--

COPY castle ("castleId", "playerId", "gameId", production, "productionTurn", razed, "defenseMod") FROM stdin;
11	15	13	\N	1	t	0
19	15	13	2	2	f	-1
10	15	13	4	2	f	0
17	15	13	5	2	f	0
1	15	13	\N	14	t	-1
16	15	13	1	1	f	0
12	15	13	5	1	f	0
15	15	13	5	1	f	0
13	15	13	5	1	f	0
9	15	13	2	1	f	0
3	11	13	2	0	f	0
32	11	13	1	0	f	0
5	11	13	7	0	f	0
29	11	13	1	0	f	0
12	10	20	1	1	f	0
11	10	20	4	1	f	0
2	10	20	\N	21	t	-1
13	10	20	5	2	f	0
0	10	20	2	1	f	0
1	15	14	\N	0	f	0
1	15	16	\N	0	f	0
0	10	16	\N	0	f	0
31	11	21	3	0	f	0
5	11	21	2	0	f	0
28	11	13	3	2	f	0
2	11	21	1	0	f	0
1	11	21	7	0	f	0
13	11	21	\N	0	f	-1
20	11	13	\N	4	t	0
4	11	13	8	6	f	0
18	11	13	\N	10	t	0
2	11	13	\N	14	t	-2
0	11	13	2	14	t	-1
21	11	13	\N	3	t	0
7	11	13	3	2	f	0
8	11	13	3	2	f	0
0	10	19	\N	0	f	0
24	11	19	\N	0	f	0
6	11	13	3	1	f	0
22	11	13	\N	1	t	0
1	12	11	2	1	f	0
0	10	11	1	0	f	0
0	10	8	\N	1	f	0
1	11	8	7	0	f	0
1	16	10	\N	0	f	0
0	15	10	\N	0	f	0
0	14	9	\N	0	f	0
1	14	12	\N	1	f	0
0	13	12	3	1	f	0
4	10	22	7	1	f	0
8	10	22	1	1	f	0
20	10	22	1	1	f	0
7	10	22	3	4	f	0
2	10	22	\N	10	t	0
0	10	22	8	3	f	0
6	10	22	\N	3	t	0
6	11	20	3	3	f	0
18	11	20	\N	7	t	0
19	11	20	\N	7	t	0
8	11	20	3	4	f	0
20	11	20	3	2	f	0
7	11	20	3	2	f	0
1	11	20	2	1	f	0
9	11	20	2	1	f	0
6	11	21	3	3	f	0
32	11	22	1	1	f	0
5	11	20	2	1	f	0
4	11	20	7	1	f	0
1	13	15	\N	0	f	0
0	14	15	\N	0	f	0
0	14	17	\N	0	f	0
1	13	17	\N	0	f	0
1	13	18	\N	0	f	0
0	14	18	3	0	f	0
29	11	20	1	1	f	0
24	11	20	4	1	f	0
8	11	21	3	2	f	0
27	11	22	1	1	f	0
24	11	22	4	1	f	0
4	11	21	2	1	f	0
9	11	21	2	1	f	0
0	11	21	2	1	f	-1
29	11	22	1	1	f	0
7	11	21	3	1	f	0
21	11	22	2	1	f	0
3	11	22	2	1	f	0
3	11	21	\N	1	f	0
24	11	21	4	1	f	0
20	11	21	3	1	f	0
28	11	22	3	5	f	0
26	11	22	2	2	f	0
30	11	22	10	2	f	0
25	11	22	2	2	f	0
5	11	22	2	2	f	0
22	11	22	2	2	f	0
23	11	22	3	2	f	0
1	11	22	\N	17	t	0
14	11	22	3	5	f	0
19	10	22	1	1	f	0
15	10	25	\N	0	f	0
0	13	25	\N	1	f	0
24	14	25	\N	1	f	0
1	25	25	\N	1	f	0
24	26	26	\N	0	f	0
0	15	26	\N	0	f	0
24	28	24	\N	0	f	0
0	15	24	\N	0	f	0
24	16	23	\N	0	f	0
0	15	23	\N	0	f	0
0	16	27	\N	2	f	0
24	15	27	\N	2	f	0
23	15	27	\N	1	f	0
24	29	28	\N	0	f	0
0	10	28	\N	0	f	0
0	10	29	1	1	f	0
24	29	29	4	0	f	0
0	29	30	\N	0	f	0
24	10	30	\N	0	f	0
\.


--
-- Data for Name: game; Type: TABLE DATA; Schema: public; Owner: wof
--

COPY game ("gameId", "isActive", "isOpen", "numberOfPlayers", "gameMasterId", "turnPlayerId", begin, "turnNumber", channel) FROM stdin;
8	t	f	2	10	11	2011-08-19 16:13:22.40245	1	3
29	t	f	2	10	29	2011-09-16 14:59:40.598915	2	22
30	t	f	2	10	29	2011-09-17 14:42:07.214703	1	23
21	f	f	2	11	11	2011-08-31 21:58:21.129298	18	15
13	t	f	2	11	11	2011-08-22 22:15:35.644773	33	7
11	t	f	2	12	10	2011-08-20 22:10:08.183092	9	6
22	t	f	2	10	11	2011-09-04 22:10:36.314075	22	15
20	t	f	2	11	11	2011-08-30 22:11:34.434926	29	14
10	t	f	2	15	15	2011-08-20 22:09:03.232049	1	5
9	f	f	2	14	14	2011-08-20 22:09:00.425198	1	4
12	t	f	2	13	14	2011-08-22 12:03:12.241074	2	4
15	t	f	2	13	13	2011-08-23 00:36:23.360596	1	9
14	t	f	2	10	10	2011-08-23 00:36:08.890669	1	8
17	t	f	2	14	14	2011-08-23 11:20:09.823843	1	11
19	t	f	2	11	10	2011-08-25 09:42:29.226328	1	13
16	t	f	2	10	10	2011-08-23 00:40:53.853057	1	10
18	t	f	2	14	14	2011-08-23 11:22:30.493203	1	12
3	t	f	2	\N	\N	2011-08-17 22:25:45.124557	0	\N
4	t	f	2	\N	\N	2011-08-17 22:31:40.946213	17	\N
25	t	f	4	13	10	2011-09-06 10:58:27.781307	1	18
1	t	f	2	\N	\N	2011-08-17 15:10:48.587159	2	\N
6	t	f	2	\N	\N	2011-08-18 19:28:38.611459	2	1
2	t	f	2	\N	\N	2011-08-17 22:23:40.469932	0	\N
5	t	f	2	\N	\N	2011-08-18 14:05:45.924721	0	\N
7	t	f	2	\N	\N	2011-08-18 20:10:43.676528	2	2
26	t	f	2	15	24	2011-09-06 20:44:17.813685	1	19
24	t	f	2	15	15	2011-09-06 10:51:33.322541	1	17
23	t	f	2	15	15	2011-09-06 10:51:01.7809	1	16
27	t	f	2	15	16	2011-09-15 16:43:39.958338	3	20
28	t	f	2	10	21	2011-09-16 12:17:02.337901	1	21
\.


--
-- Data for Name: hero; Type: TABLE DATA; Schema: public; Owner: wof
--

COPY hero ("heroId", "playerId", "numberOfMoves", "attackPoints", "defensePoints", experience, name) FROM stdin;
11	11	16	5	5	0	BodzioWspanialy
22	22	16	5	5	0	Elenir
17	17	16	5	5	0	\N
23	23	16	5	5	0	\N
19	19	16	5	5	0	\N
10	10	16	5	5	0	Kozak
24	24	16	5	5	0	\N
25	25	16	5	5	0	brzoza
26	26	16	5	5	0	\N
27	27	16	5	5	0	\N
28	28	16	5	5	0	\N
29	29	16	5	5	0	\N
13	13	16	5	5	0	bla
12	12	16	5	5	0	\N
16	16	16	5	5	0	\N
14	14	16	5	5	0	ozo
20	20	16	5	5	0	\N
21	21	16	5	5	0	\N
15	15	16	5	5	0	Slayer
\.


--
-- Data for Name: heroesingame; Type: TABLE DATA; Schema: public; Owner: wof
--

COPY heroesingame ("heroId", "gameId", "armyId", "movesLeft") FROM stdin;
15	14	1	16
15	16	1	16
10	25	3	16
13	25	4	16
14	25	1	0
25	25	2	2
26	26	1	16
15	26	2	16
28	24	1	16
15	24	2	16
15	23	2	16
11	21	\N	16
11	19	\N	16
10	16	\N	16
10	21	\N	16
10	19	\N	16
15	27	1	0
16	23	\N	16
16	27	\N	16
10	28	2	16
11	22	43	0
10	29	2	0
10	22	100	7
29	28	\N	16
29	29	\N	12
29	30	1	16
10	30	2	16
\.


--
-- Data for Name: inventory; Type: TABLE DATA; Schema: public; Owner: wof
--

COPY inventory ("heroId", "artefactId") FROM stdin;
\.


--
-- Data for Name: map; Type: TABLE DATA; Schema: public; Owner: wof
--

COPY map ("mapId", "playerId", name, "mapWidth", "mapHeight") FROM stdin;
\.


--
-- Data for Name: player; Type: TABLE DATA; Schema: public; Owner: wof
--

COPY player ("fbId", "playerId", activity, login, password, "isLogged", "firstName", "lastName", locale, computer) FROM stdin;
\N	25	2011-09-06 12:03:47.737994	brzoza	a366e6c3178e26cfdacdd74c47c9f3b6	f	Łuaksz	Brozowski	\N	f
\N	14	2011-09-06 13:06:33.080833	neon	5671a6dd1827c0b9ae97b5d888f09a25	f	nEon	owo	\N	f
818643264	24	2011-09-06 20:44:10.008678	\N	\N	f	Piotr	Chodacki	pl_PL	f
1036200939	12	2011-08-20 22:35:22.173175	\N	\N	f	Marcin	Borzkiewicz	pl_PL	f
100002079172925	17	2011-08-23 00:35:57.737239	\N	\N	f	Jakub	Krzeszewski	pl_PL	f
\N	19	2011-08-23 00:39:58.489979	kord	56bc49efdf961af71a7c02ffd5f112d0	f	karol	krzeszewski	\N	f
1509621772	11	2011-09-04 23:18:35.025497	\N	\N	f	Malgorzata	Czajka	pl_PL	f
\N	20	2011-08-23 14:06:58.311013	DarekJ	d5e084f0dcd66d3b7b424001142bc632	f	Darek	Jaszewski	\N	f
1812811552	22	2011-09-02 18:38:57.448204	\N	\N	f	Małgośka	Dołęga	pl_PL	f
\N	23	2011-09-02 18:41:43.660299	Elenir	70310db2bbc47c9b8ef128e38304d779	f	Małgośka	Dołęga	\N	f
\N	13	2011-09-06 11:27:31.164412	blajaz	aa47f8215c6f30a0dcdb2a36a9f4168e	f	daniel	b	\N	f
\N	26	2011-09-15 16:29:52.603921	\N	\N	f	Computer	Player	\N	t
\N	27	2011-09-15 16:31:11.851779	\N	\N	f	Computer	Player	\N	t
\N	28	2011-09-15 16:31:15.459769	\N	\N	f	Computer	Player	\N	t
\N	16	2011-09-15 16:53:04.785522	test	a366e6c3178e26cfdacdd74c47c9f3b6	f	tet	test	\N	f
\N	15	2011-09-15 16:55:13.029592	bk76	a366e6c3178e26cfdacdd74c47c9f3b6	f	Bartek	K	\N	f
1095627993	21	2011-09-16 12:16:51.486915	\N	\N	f	Bartlomiej	Grusiecki	pl_PL	f
\N	29	2011-09-17 14:41:21.64945	SirJogge	7be1c7aa830807bbddd76a839af5fcf6	f	Joger	Sir	\N	f
100001446728348	10	2011-09-17 14:41:50.150461	bartek	a366e6c3178e26cfdacdd74c47c9f3b6	f	Bartek	Kosa	pl_PL	f
\.


--
-- Data for Name: playersingame; Type: TABLE DATA; Schema: public; Owner: wof
--

COPY playersingame ("gameId", "playerId", color, timeout, ready, "turnActive", gold, lost) FROM stdin;
19	21	\N	2011-08-25 09:43:14.99321	f	f	0	f
13	15	white	2011-08-28 22:21:23.699345	t	f	4481	f
13	11	green	2011-08-28 22:21:25.065094	t	t	9113	f
26	15	\N	2011-09-15 16:31:01.257949	f	f	0	f
8	10	white	2011-08-19 16:16:28.148021	t	f	0	f
16	10	white	2011-08-31 21:20:42.240348	t	t	20	f
24	27	\N	2011-09-15 16:31:11.870808	f	f	0	f
8	11	green	2011-08-19 16:16:29.741916	t	t	33	f
20	10	white	2011-08-30 22:18:54.493619	t	t	3520	f
17	13	green	2011-08-23 11:20:30.931345	t	f	0	f
27	15	yellow	2011-09-15 16:44:00.52374	t	f	40	f
27	16	white	2011-09-15 16:44:02.154562	t	t	60	f
17	14	white	2011-08-23 11:20:30.560312	t	t	20	f
20	11	green	2011-08-31 21:58:05.596148	t	f	4927	f
24	28	yellow	2011-09-15 16:31:15.494838	t	f	0	f
12	14	green	2011-08-22 12:03:39.49674	t	f	33	f
24	10	\N	2011-09-06 10:58:04.459743	f	f	0	f
12	13	white	2011-08-22 12:03:37.920699	t	t	40	f
18	13	green	2011-08-23 11:26:40.815138	t	f	0	f
21	10	white	2011-08-31 21:58:52.817473	t	f	1968	t
18	14	white	2011-08-23 11:26:42.829385	t	t	20	f
21	11	\N	2011-08-31 23:35:04.227197	f	f	0	f
22	11	yellow	2011-09-04 22:11:18.016377	t	f	1915	f
22	10	white	2011-09-04 22:11:16.929844	t	t	2280	f
10	16	green	2011-08-22 09:53:41.483575	t	f	0	f
24	15	\N	2011-09-15 16:39:48.995438	f	f	0	f
11	12	green	2011-08-20 22:17:19.007137	t	f	179	f
11	10	white	2011-08-20 22:17:19.58664	t	t	1674	f
23	24	yellow	2011-09-06 10:51:17.341463	t	f	0	f
10	15	white	2011-08-22 09:55:17.487011	t	f	0	f
28	21	white	2011-09-16 12:17:23.067179	t	f	0	f
15	17	white	2011-08-23 00:36:38.95728	t	f	0	f
19	22	\N	2011-09-02 18:40:44.354274	f	f	0	f
29	10	white	2011-09-16 15:00:18.503218	t	f	36	f
14	15	green	2011-08-31 20:53:44.416668	t	f	0	f
29	29	yellow	2011-09-16 15:00:17.501512	t	t	40	f
14	10	white	2011-08-31 20:53:47.595746	f	f	0	f
19	23	white	2011-09-02 18:42:13.387014	t	f	0	f
19	10	white	2011-09-04 22:02:30.985937	t	f	0	f
19	11	\N	2011-09-04 22:06:23.091094	f	f	0	f
24	24	white	2011-09-06 10:52:43.852731	t	f	0	f
16	15	green	2011-08-31 21:20:26.036603	t	f	0	f
25	13	white	2011-09-06 11:25:29.316493	t	f	20	f
25	25	green	2011-09-06 11:25:28.336286	t	t	33	f
25	14	yellow	2011-09-06 13:06:55.091737	t	f	20	f
23	16	yellow	2011-09-15 16:41:04.304397	t	f	0	f
23	15	white	2011-09-15 16:41:07.741598	t	f	0	f
26	24	white	2011-09-06 20:44:38.345436	t	f	0	f
25	10	red	2011-09-08 18:46:15.789129	t	f	0	f
24	13	white	2011-09-06 11:05:10.092073	t	f	0	f
26	26	yellow	2011-09-15 16:29:52.635042	t	f	0	f
28	10	white	2011-09-16 14:58:48.724606	t	f	0	f
28	29	yellow	2011-09-16 14:58:48.944429	t	f	0	f
30	29	white	2011-09-17 14:42:46.481215	t	f	0	f
30	10	yellow	2011-09-17 14:42:48.118052	t	f	0	f
\.


--
-- Data for Name: production; Type: TABLE DATA; Schema: public; Owner: wof
--

COPY production ("castleId", "unitId", "numberOfTurns", "order") FROM stdin;
\.


--
-- Data for Name: ruin; Type: TABLE DATA; Schema: public; Owner: wof
--

COPY ruin ("ruinId", "gameId") FROM stdin;
8	1
10	1
10	4
12	4
13	4
14	4
15	4
17	4
3	4
8	7
10	11
12	11
13	11
14	11
8	13
10	13
4	13
3	13
2	13
0	13
1	13
12	13
8	20
1	20
0	20
10	20
9	20
12	20
13	20
14	20
15	20
17	20
4	20
3	20
2	20
16	20
8	21
4	21
3	21
2	21
0	21
10	21
1	21
12	21
5	21
6	22
10	22
8	22
4	22
3	22
2	22
0	22
1	22
6	27
\.


--
-- Data for Name: soldier; Type: TABLE DATA; Schema: public; Owner: wof
--

COPY soldier ("soldierId", "armyId", "unitId", experience, "gameId", "movesLeft") FROM stdin;
217	125	8	0	13	0
461	30	7	0	21	12
601	113	8	0	22	0
382	53	11	0	20	21
370	33	8	0	20	0
297	154	5	0	13	8
305	154	5	0	13	12
270	154	4	0	13	8
295	154	4	0	13	8
95	5	2	0	11	8
101	9	2	0	11	2
102	8	1	0	11	10
379	49	3	0	20	16
97	6	1	0	11	10
99	6	1	0	11	10
104	8	1	0	11	10
300	205	2	0	13	4
265	205	2	0	13	4
230	205	2	0	13	4
304	232	4	0	13	0
244	205	2	0	13	4
332	232	5	0	13	3
285	205	2	0	13	8
329	261	1	0	13	0
336	272	2	0	13	2
338	274	7	0	13	1
330	262	5	0	13	0
346	18	7	0	20	12
331	263	5	0	13	0
366	18	2	0	20	8
333	264	5	0	13	0
318	239	7	0	13	0
327	239	7	0	13	0
380	46	1	0	20	10
362	20	1	0	20	10
316	238	2	0	13	0
294	228	1	0	13	5
307	228	1	0	13	5
306	228	5	0	13	9
367	20	1	0	20	10
375	20	1	0	20	10
360	8	2	0	20	8
363	13	1	0	20	10
298	200	2	0	13	8
302	207	7	0	13	12
309	207	7	0	13	12
334	200	2	0	13	8
291	207	7	0	13	12
361	14	7	0	20	12
222	207	7	0	13	12
229	207	7	0	13	12
325	254	3	0	13	16
293	254	3	0	13	16
282	173	8	0	13	0
315	254	3	0	13	16
284	254	3	0	13	16
314	254	3	0	13	16
319	240	1	0	13	10
324	252	1	0	13	10
283	254	3	0	13	16
328	240	1	0	13	10
432	1	15	0	21	20
587	138	7	0	22	0
565	43	10	0	22	2
577	138	7	0	22	0
551	138	7	0	22	0
280	171	5	0	13	1
279	171	5	0	13	1
263	171	5	0	13	1
337	252	1	0	13	10
339	240	1	0	13	10
537	138	7	0	22	0
417	99	11	0	20	0
418	99	11	0	20	0
589	100	1	0	22	1
563	58	2	0	22	0
562	75	1	0	22	0
365	26	2	0	20	8
564	59	2	0	22	0
397	84	2	0	20	8
398	85	2	0	20	8
566	21	2	0	22	8
599	100	1	0	22	1
405	90	1	0	20	10
406	91	3	0	20	16
395	81	3	0	20	16
407	81	3	0	20	16
598	100	1	0	22	1
411	84	2	0	20	8
412	85	2	0	20	8
590	100	1	0	22	1
540	100	8	0	22	7
588	100	1	0	22	1
597	138	7	0	22	0
623	3	1	0	29	10
614	114	1	0	22	10
414	90	1	0	20	10
422	5	1	0	21	10
427	5	1	0	21	10
396	69	2	0	20	0
410	69	2	0	20	0
399	86	7	0	20	0
404	86	7	0	20	0
413	86	7	0	20	0
436	5	1	0	21	10
439	5	1	0	21	10
446	5	1	0	21	10
340	3	1	0	20	10
352	3	3	0	20	16
376	3	2	0	20	8
386	3	2	0	20	8
455	5	1	0	21	10
391	3	2	0	20	8
403	3	2	0	20	8
460	5	1	0	21	10
434	43	2	0	21	8
445	43	2	0	21	8
454	43	2	0	21	8
465	43	2	0	21	8
456	16	7	0	21	12
443	4	2	0	21	8
428	6	1	0	21	10
437	6	1	0	21	10
440	6	1	0	21	10
453	4	2	0	21	8
464	4	2	0	21	8
466	33	3	0	21	16
615	101	1	0	22	10
616	109	4	0	22	10
617	128	1	0	22	10
618	129	2	0	22	8
500	10	1	0	22	10
467	34	3	0	21	14
383	49	3	0	20	16
313	200	2	0	13	8
387	49	3	0	20	16
373	18	2	0	20	8
98	5	2	0	11	8
103	10	2	0	11	8
100	8	1	0	11	10
94	4	1	0	11	10
96	4	1	0	11	10
378	46	1	0	20	10
335	154	14	0	13	0
312	232	5	0	13	3
311	228	1	0	13	1
320	228	2	0	13	3
322	228	5	0	13	3
385	46	1	0	20	10
364	20	1	0	20	10
321	249	4	0	13	9
369	20	1	0	20	10
374	20	1	0	20	10
348	8	7	0	20	12
351	8	7	0	20	12
408	94	5	0	20	0
622	137	1	0	22	0
323	247	1	0	13	0
569	137	1	0	22	0
570	137	1	0	22	0
591	134	1	0	22	8
586	21	7	0	22	12
353	8	7	0	20	12
359	13	1	0	20	10
584	21	10	0	22	4
358	14	7	0	20	12
392	26	8	0	20	16
607	21	2	0	22	8
610	90	8	0	22	12
393	81	3	0	20	16
390	71	8	0	20	2
389	69	2	0	20	0
498	7	1	0	22	10
372	36	2	0	20	2
377	36	2	0	20	2
384	36	2	0	20	2
554	66	4	0	22	10
556	69	1	0	22	10
592	101	1	0	22	10
593	109	4	0	22	10
519	20	2	0	22	8
400	87	14	0	20	0
401	87	14	0	20	0
415	3	2	0	20	8
416	98	1	0	20	10
602	114	1	0	22	10
603	101	1	0	22	10
620	135	1	0	22	10
604	115	2	0	22	8
621	124	1	0	22	10
606	117	2	0	22	8
472	41	3	0	21	16
480	41	3	0	21	16
469	30	7	0	21	12
471	30	7	0	21	12
477	30	7	0	21	12
479	30	7	0	21	12
457	28	14	0	21	14
458	28	14	0	21	14
459	28	14	0	21	14
424	5	1	0	21	10
430	5	1	0	21	10
448	5	1	0	21	10
468	5	1	0	21	10
470	5	1	0	21	10
476	5	1	0	21	10
478	5	1	0	21	10
474	43	2	0	21	8
425	6	1	0	21	10
431	6	1	0	21	10
447	16	7	0	21	12
449	16	7	0	21	12
473	4	2	0	21	8
475	45	2	0	21	8
481	49	2	0	21	8
608	88	2	0	22	8
619	138	7	0	22	0
567	138	7	0	22	0
544	138	7	0	22	0
585	58	2	0	22	0
529	100	7	0	22	3
582	75	1	0	22	0
605	75	10	0	22	8
609	121	3	0	22	0
583	59	2	0	22	0
499	9	1	0	22	10
506	9	1	0	22	10
573	88	2	0	22	8
483	4	2	0	21	8
485	45	2	0	21	8
488	52	7	0	21	12
486	41	3	0	21	16
487	5	1	0	21	10
484	43	2	0	21	8
490	33	3	0	21	16
491	49	2	0	21	8
492	58	1	0	21	10
493	52	7	0	21	12
513	22	4	0	22	10
571	132	4	0	22	1
549	58	2	0	22	0
576	75	1	0	22	0
550	59	2	0	22	0
594	111	14	0	22	0
595	111	14	0	22	0
596	111	14	0	22	0
575	86	1	0	22	9
522	21	14	0	22	14
523	21	14	0	22	14
572	21	7	0	22	12
574	90	3	0	22	16
536	90	2	0	22	8
503	10	1	0	22	10
613	124	1	0	22	10
611	138	7	0	22	0
557	138	7	0	22	0
612	100	1	0	22	1
558	100	1	0	22	1
559	100	1	0	22	1
\.


--
-- Data for Name: tower; Type: TABLE DATA; Schema: public; Owner: wof
--

COPY tower ("towerId", "gameId", "playerId") FROM stdin;
29	20	10
28	20	10
23	20	10
18	20	10
14	20	10
25	20	10
22	20	10
19	20	10
3	20	11
11	20	10
9	20	10
4	20	10
10	20	11
21	20	11
17	21	11
21	21	11
30	21	11
14	21	11
29	21	11
18	21	11
23	21	11
28	21	11
25	21	10
27	21	11
22	21	10
16	21	11
15	21	11
12	21	11
13	21	11
11	21	11
9	21	11
14	22	10
16	22	11
10	22	10
23	22	10
29	22	10
28	22	10
6	22	11
3	22	10
26	22	11
21	22	11
17	22	11
24	22	11
27	22	11
29	27	16
28	27	16
27	27	16
24	27	16
29	29	10
28	29	10
23	29	10
\.


--
-- Data for Name: unit; Type: TABLE DATA; Schema: public; Owner: wof
--

COPY unit ("unitId", name, "numberOfMoves", "attackPoints", "defensePoints", "canFly", "canSwim", "modMovesForest", "modMovesGrass", "modMovesSwamp", "modMovesMountains", "modMovesWater", "modAttackForest", "modAttackGrass", "modAttackSwamp", "modAttackMountains", "modAttackWater", "modDefenseForest", "modDefenseGrass", "modDefenseSwamp", "modDefenseMountains", "modDefenseWater", cost) FROM stdin;
1	Light Infantry	10	3	3	f	f	3	2	3	4	0	0	0	0	0	0	0	0	0	0	0	4
2	Heavy Infantry	8	5	5	f	f	0	0	0	0	0	0	0	0	0	0	0	0	0	0	0	4
3	Cavalry	16	6	4	f	f	0	0	0	0	0	0	0	0	0	0	0	0	0	0	0	8
4	Giants	10	6	6	f	f	0	0	0	0	0	0	0	0	0	0	0	0	0	0	0	4
5	Wolves	14	5	5	f	f	0	0	0	0	0	0	0	0	0	0	0	0	0	0	0	8
6	Navy	18	5	4	f	t	0	0	0	0	0	0	0	0	0	0	0	0	0	0	0	20
8	Pegasi	16	4	4	t	f	0	0	0	0	0	0	0	0	0	0	0	0	0	0	0	16
9	Dwarves	9	5	5	f	f	0	0	0	0	0	0	0	0	0	0	0	0	0	0	0	4
10	Griffins	18	6	5	t	f	0	0	0	0	0	0	0	0	0	0	0	0	0	0	0	16
11	Wizard	52	6	6	f	f	0	0	0	0	0	0	0	0	0	0	0	0	0	0	0	0
12	Demon	16	7	7	f	f	0	0	0	0	0	0	0	0	0	0	0	0	0	0	0	0
13	Undead	14	7	7	f	f	0	0	0	0	0	0	0	0	0	0	0	0	0	0	0	0
14	Devil	14	8	8	f	f	0	0	0	0	0	0	0	0	0	0	0	0	0	0	0	0
15	Dragon	20	9	9	t	f	0	0	0	0	0	0	0	0	0	0	0	0	0	0	0	0
7	Archers	12	4	2	f	f	0	0	0	0	0	0	0	0	0	0	0	0	0	0	0	4
\.


--
-- Name: army_pkey; Type: CONSTRAINT; Schema: public; Owner: wof; Tablespace:
--

ALTER TABLE ONLY army
    ADD CONSTRAINT army_pkey PRIMARY KEY ("armyId", "gameId");


--
-- Name: artefact_pkey; Type: CONSTRAINT; Schema: public; Owner: wof; Tablespace:
--

ALTER TABLE ONLY artefact
    ADD CONSTRAINT artefact_pkey PRIMARY KEY ("artefactId");


--
-- Name: castle_castleId_gameId_key; Type: CONSTRAINT; Schema: public; Owner: wof; Tablespace:
--

ALTER TABLE ONLY castle
    ADD CONSTRAINT "castle_castleId_gameId_key" UNIQUE ("castleId", "gameId");


--
-- Name: game_pkey; Type: CONSTRAINT; Schema: public; Owner: wof; Tablespace:
--

ALTER TABLE ONLY game
    ADD CONSTRAINT game_pkey PRIMARY KEY ("gameId");


--
-- Name: hero_pkey; Type: CONSTRAINT; Schema: public; Owner: wof; Tablespace:
--

ALTER TABLE ONLY hero
    ADD CONSTRAINT hero_pkey PRIMARY KEY ("heroId");


--
-- Name: heroesingame_heroId_gameId_key; Type: CONSTRAINT; Schema: public; Owner: wof; Tablespace:
--

ALTER TABLE ONLY heroesingame
    ADD CONSTRAINT "heroesingame_heroId_gameId_key" UNIQUE ("heroId", "gameId");


--
-- Name: inventory_heroId_artefactId_key; Type: CONSTRAINT; Schema: public; Owner: wof; Tablespace:
--

ALTER TABLE ONLY inventory
    ADD CONSTRAINT "inventory_heroId_artefactId_key" UNIQUE ("heroId", "artefactId");


--
-- Name: key; Type: CONSTRAINT; Schema: public; Owner: wof; Tablespace:
--

ALTER TABLE ONLY player
    ADD CONSTRAINT key UNIQUE (login);


--
-- Name: map_pkey; Type: CONSTRAINT; Schema: public; Owner: wof; Tablespace:
--

ALTER TABLE ONLY map
    ADD CONSTRAINT map_pkey PRIMARY KEY ("mapId");


--
-- Name: player_fbId_key; Type: CONSTRAINT; Schema: public; Owner: wof; Tablespace:
--

ALTER TABLE ONLY player
    ADD CONSTRAINT "player_fbId_key" UNIQUE ("fbId");


--
-- Name: player_pkey; Type: CONSTRAINT; Schema: public; Owner: wof; Tablespace:
--

ALTER TABLE ONLY player
    ADD CONSTRAINT player_pkey PRIMARY KEY ("playerId");


--
-- Name: playersingame_gameId_playerId_key; Type: CONSTRAINT; Schema: public; Owner: wof; Tablespace:
--

ALTER TABLE ONLY playersingame
    ADD CONSTRAINT "playersingame_gameId_playerId_key" UNIQUE ("gameId", "playerId");


--
-- Name: ruin_pkey; Type: CONSTRAINT; Schema: public; Owner: wof; Tablespace:
--

ALTER TABLE ONLY ruin
    ADD CONSTRAINT ruin_pkey PRIMARY KEY ("gameId", "ruinId");


--
-- Name: soldier_pkey; Type: CONSTRAINT; Schema: public; Owner: wof; Tablespace:
--

ALTER TABLE ONLY soldier
    ADD CONSTRAINT soldier_pkey PRIMARY KEY ("soldierId");


--
-- Name: tower_towerId_gameId_playerId_key; Type: CONSTRAINT; Schema: public; Owner: wof; Tablespace:
--

ALTER TABLE ONLY tower
    ADD CONSTRAINT "tower_towerId_gameId_playerId_key" UNIQUE ("towerId", "gameId", "playerId");


--
-- Name: unit_pkey; Type: CONSTRAINT; Schema: public; Owner: wof; Tablespace:
--

ALTER TABLE ONLY unit
    ADD CONSTRAINT unit_pkey PRIMARY KEY ("unitId");


--
-- Name: army_gameId_fkey; Type: FK CONSTRAINT; Schema: public; Owner: wof
--

ALTER TABLE ONLY army
    ADD CONSTRAINT "army_gameId_fkey" FOREIGN KEY ("gameId") REFERENCES game("gameId") ON UPDATE CASCADE ON DELETE CASCADE;


--
-- Name: army_playerId_fkey; Type: FK CONSTRAINT; Schema: public; Owner: wof
--

ALTER TABLE ONLY army
    ADD CONSTRAINT "army_playerId_fkey" FOREIGN KEY ("playerId") REFERENCES player("playerId") ON UPDATE CASCADE ON DELETE CASCADE;


--
-- Name: castle_gameId_fkey; Type: FK CONSTRAINT; Schema: public; Owner: wof
--

ALTER TABLE ONLY castle
    ADD CONSTRAINT "castle_gameId_fkey" FOREIGN KEY ("gameId") REFERENCES game("gameId") ON UPDATE CASCADE ON DELETE CASCADE;


--
-- Name: castle_playerId_fkey; Type: FK CONSTRAINT; Schema: public; Owner: wof
--

ALTER TABLE ONLY castle
    ADD CONSTRAINT "castle_playerId_fkey" FOREIGN KEY ("playerId") REFERENCES player("playerId") ON UPDATE CASCADE ON DELETE CASCADE;


--
-- Name: castle_production_fkey; Type: FK CONSTRAINT; Schema: public; Owner: wof
--

ALTER TABLE ONLY castle
    ADD CONSTRAINT castle_production_fkey FOREIGN KEY (production) REFERENCES unit("unitId") ON UPDATE CASCADE ON DELETE SET NULL;


--
-- Name: game_gameMasterId_fkey; Type: FK CONSTRAINT; Schema: public; Owner: wof
--

ALTER TABLE ONLY game
    ADD CONSTRAINT "game_gameMasterId_fkey" FOREIGN KEY ("gameMasterId") REFERENCES player("playerId") ON UPDATE CASCADE ON DELETE SET NULL;


--
-- Name: game_turnPlayerId_fkey; Type: FK CONSTRAINT; Schema: public; Owner: wof
--

ALTER TABLE ONLY game
    ADD CONSTRAINT "game_turnPlayerId_fkey" FOREIGN KEY ("turnPlayerId") REFERENCES player("playerId") ON UPDATE CASCADE ON DELETE SET NULL;


--
-- Name: hero_playerId_fkey; Type: FK CONSTRAINT; Schema: public; Owner: wof
--

ALTER TABLE ONLY hero
    ADD CONSTRAINT "hero_playerId_fkey" FOREIGN KEY ("playerId") REFERENCES player("playerId") ON UPDATE CASCADE ON DELETE CASCADE;


--
-- Name: heroesingame_armyId_fkey; Type: FK CONSTRAINT; Schema: public; Owner: wof
--

ALTER TABLE ONLY heroesingame
    ADD CONSTRAINT "heroesingame_armyId_fkey" FOREIGN KEY ("armyId", "gameId") REFERENCES army("armyId", "gameId") ON UPDATE CASCADE ON DELETE CASCADE;


--
-- Name: heroesingame_gameId_fkey; Type: FK CONSTRAINT; Schema: public; Owner: wof
--

ALTER TABLE ONLY heroesingame
    ADD CONSTRAINT "heroesingame_gameId_fkey" FOREIGN KEY ("gameId") REFERENCES game("gameId") ON UPDATE CASCADE ON DELETE CASCADE;


--
-- Name: heroesingame_heroId_fkey; Type: FK CONSTRAINT; Schema: public; Owner: wof
--

ALTER TABLE ONLY heroesingame
    ADD CONSTRAINT "heroesingame_heroId_fkey" FOREIGN KEY ("heroId") REFERENCES hero("heroId") ON UPDATE CASCADE ON DELETE CASCADE;


--
-- Name: inventory_artefactId_fkey; Type: FK CONSTRAINT; Schema: public; Owner: wof
--

ALTER TABLE ONLY inventory
    ADD CONSTRAINT "inventory_artefactId_fkey" FOREIGN KEY ("artefactId") REFERENCES artefact("artefactId") ON UPDATE CASCADE ON DELETE CASCADE;


--
-- Name: inventory_heroId_fkey; Type: FK CONSTRAINT; Schema: public; Owner: wof
--

ALTER TABLE ONLY inventory
    ADD CONSTRAINT "inventory_heroId_fkey" FOREIGN KEY ("heroId") REFERENCES hero("heroId") ON UPDATE CASCADE ON DELETE CASCADE;


--
-- Name: map_playerId_fkey; Type: FK CONSTRAINT; Schema: public; Owner: wof
--

ALTER TABLE ONLY map
    ADD CONSTRAINT "map_playerId_fkey" FOREIGN KEY ("playerId") REFERENCES player("playerId") ON UPDATE CASCADE ON DELETE SET NULL;


--
-- Name: playersingame_gameId_fkey; Type: FK CONSTRAINT; Schema: public; Owner: wof
--

ALTER TABLE ONLY playersingame
    ADD CONSTRAINT "playersingame_gameId_fkey" FOREIGN KEY ("gameId") REFERENCES game("gameId") ON UPDATE CASCADE ON DELETE CASCADE;


--
-- Name: playersingame_playerId_fkey; Type: FK CONSTRAINT; Schema: public; Owner: wof
--

ALTER TABLE ONLY playersingame
    ADD CONSTRAINT "playersingame_playerId_fkey" FOREIGN KEY ("playerId") REFERENCES player("playerId") ON UPDATE CASCADE ON DELETE CASCADE;


--
-- Name: production_unitId_fkey; Type: FK CONSTRAINT; Schema: public; Owner: wof
--

ALTER TABLE ONLY production
    ADD CONSTRAINT "production_unitId_fkey" FOREIGN KEY ("unitId") REFERENCES unit("unitId") ON UPDATE CASCADE ON DELETE CASCADE;


--
-- Name: soldier_armyId_fkey; Type: FK CONSTRAINT; Schema: public; Owner: wof
--

ALTER TABLE ONLY soldier
    ADD CONSTRAINT "soldier_armyId_fkey" FOREIGN KEY ("armyId", "gameId") REFERENCES army("armyId", "gameId") ON UPDATE CASCADE ON DELETE CASCADE;


--
-- Name: soldier_unitId_fkey; Type: FK CONSTRAINT; Schema: public; Owner: wof
--

ALTER TABLE ONLY soldier
    ADD CONSTRAINT "soldier_unitId_fkey" FOREIGN KEY ("unitId") REFERENCES unit("unitId") ON UPDATE CASCADE ON DELETE CASCADE;


--
-- Name: tower_gameId_fkey; Type: FK CONSTRAINT; Schema: public; Owner: wof
--

ALTER TABLE ONLY tower
    ADD CONSTRAINT "tower_gameId_fkey" FOREIGN KEY ("gameId") REFERENCES game("gameId") ON UPDATE CASCADE ON DELETE CASCADE;


--
-- Name: tower_playerId_fkey; Type: FK CONSTRAINT; Schema: public; Owner: wof
--

ALTER TABLE ONLY tower
    ADD CONSTRAINT "tower_playerId_fkey" FOREIGN KEY ("playerId") REFERENCES player("playerId") ON UPDATE CASCADE ON DELETE CASCADE;


--
-- Name: public; Type: ACL; Schema: -; Owner: postgres
--

REVOKE ALL ON SCHEMA public FROM PUBLIC;
REVOKE ALL ON SCHEMA public FROM postgres;
GRANT ALL ON SCHEMA public TO postgres;
GRANT ALL ON SCHEMA public TO PUBLIC;


--
-- PostgreSQL database dump complete
--

