--
-- PostgreSQL database dump
--

SET statement_timeout = 0;
SET client_encoding = 'UTF8';
SET standard_conforming_strings = on;
SET check_function_bodies = false;
SET client_min_messages = warning;

--
-- Name: plpgsql; Type: EXTENSION; Schema: -; Owner: 
--

CREATE EXTENSION IF NOT EXISTS plpgsql WITH SCHEMA pg_catalog;


--
-- Name: EXTENSION plpgsql; Type: COMMENT; Schema: -; Owner: 
--

COMMENT ON EXTENSION plpgsql IS 'PL/pgSQL procedural language';


SET search_path = public, pg_catalog;

SET default_tablespace = '';

SET default_with_oids = false;

--
-- Name: army; Type: TABLE; Schema: public; Owner: wof; Tablespace: 
--

CREATE TABLE army (
    "armyId" integer NOT NULL,
    "playerId" integer NOT NULL,
    "gameId" integer NOT NULL,
    destroyed boolean DEFAULT false NOT NULL,
    x integer NOT NULL,
    y integer NOT NULL
);


ALTER TABLE public.army OWNER TO wof;

--
-- Name: army_armyId_seq; Type: SEQUENCE; Schema: public; Owner: wof
--

CREATE SEQUENCE "army_armyId_seq"
    START WITH 1
    INCREMENT BY 1
    NO MINVALUE
    NO MAXVALUE
    CACHE 1;


ALTER TABLE public."army_armyId_seq" OWNER TO wof;

--
-- Name: army_armyId_seq; Type: SEQUENCE OWNED BY; Schema: public; Owner: wof
--

ALTER SEQUENCE "army_armyId_seq" OWNED BY army."armyId";


--
-- Name: army_armyId_seq; Type: SEQUENCE SET; Schema: public; Owner: wof
--

SELECT pg_catalog.setval('"army_armyId_seq"', 378, true);


--
-- Name: artefact; Type: TABLE; Schema: public; Owner: wof; Tablespace: 
--

CREATE TABLE artefact (
    "artefactId" integer NOT NULL,
    name character varying(256),
    description text,
    image character varying(256),
    probability integer NOT NULL,
    "canFly" boolean DEFAULT false NOT NULL,
    "canSwim" boolean DEFAULT false NOT NULL,
    "modMovesForest" integer DEFAULT 0 NOT NULL,
    "modMovesGrass" integer DEFAULT 0 NOT NULL,
    "modMovesSwamp" integer DEFAULT 0 NOT NULL,
    "modMovesMountains" integer DEFAULT 0 NOT NULL,
    "modMovesWater" integer DEFAULT 0 NOT NULL,
    "modAttackForest" integer DEFAULT 0 NOT NULL,
    "modAttackGrass" integer DEFAULT 0 NOT NULL,
    "modAttackSwamp" integer DEFAULT 0 NOT NULL,
    "modAttackMountains" integer DEFAULT 0 NOT NULL,
    "modAttackWater" integer DEFAULT 0 NOT NULL,
    "modDefenseForest" integer DEFAULT 0 NOT NULL,
    "modDefenseGrass" integer DEFAULT 0 NOT NULL,
    "modDefenseSwamp" integer DEFAULT 0 NOT NULL,
    "modDefenseMountains" integer DEFAULT 0 NOT NULL,
    "modDefenseWater" integer DEFAULT 0 NOT NULL,
    "modMoves" integer DEFAULT 0 NOT NULL,
    "modAttack" integer DEFAULT 0 NOT NULL,
    "modDefense" integer DEFAULT 0 NOT NULL,
    "unitId" integer,
    type integer
);


ALTER TABLE public.artefact OWNER TO wof;

--
-- Name: artefact_artefactId_seq; Type: SEQUENCE; Schema: public; Owner: wof
--

CREATE SEQUENCE "artefact_artefactId_seq"
    START WITH 1
    INCREMENT BY 1
    NO MINVALUE
    NO MAXVALUE
    CACHE 1;


ALTER TABLE public."artefact_artefactId_seq" OWNER TO wof;

--
-- Name: artefact_artefactId_seq; Type: SEQUENCE OWNED BY; Schema: public; Owner: wof
--

ALTER SEQUENCE "artefact_artefactId_seq" OWNED BY artefact."artefactId";


--
-- Name: artefact_artefactId_seq; Type: SEQUENCE SET; Schema: public; Owner: wof
--

SELECT pg_catalog.setval('"artefact_artefactId_seq"', 6, true);


--
-- Name: castle; Type: TABLE; Schema: public; Owner: wof; Tablespace: 
--

CREATE TABLE castle (
    "castleId" integer NOT NULL,
    "playerId" integer NOT NULL,
    "gameId" integer NOT NULL,
    production integer,
    "productionTurn" integer DEFAULT 0 NOT NULL,
    razed boolean DEFAULT false NOT NULL,
    "defenseMod" integer DEFAULT 0 NOT NULL
);


ALTER TABLE public.castle OWNER TO wof;

--
-- Name: castle_castleId_seq; Type: SEQUENCE; Schema: public; Owner: wof
--

CREATE SEQUENCE "castle_castleId_seq"
    START WITH 1
    INCREMENT BY 1
    NO MINVALUE
    NO MAXVALUE
    CACHE 1;


ALTER TABLE public."castle_castleId_seq" OWNER TO wof;

--
-- Name: castle_castleId_seq; Type: SEQUENCE OWNED BY; Schema: public; Owner: wof
--

ALTER SEQUENCE "castle_castleId_seq" OWNED BY castle."castleId";


--
-- Name: castle_castleId_seq; Type: SEQUENCE SET; Schema: public; Owner: wof
--

SELECT pg_catalog.setval('"castle_castleId_seq"', 1, false);


--
-- Name: chest; Type: TABLE; Schema: public; Owner: wof; Tablespace: 
--

CREATE TABLE chest (
    "chestId" integer NOT NULL,
    "playerId" integer NOT NULL,
    "artefactId" integer NOT NULL,
    quantity integer DEFAULT 1 NOT NULL
);


ALTER TABLE public.chest OWNER TO wof;

--
-- Name: chest_artefactId_seq; Type: SEQUENCE; Schema: public; Owner: wof
--

CREATE SEQUENCE "chest_artefactId_seq"
    START WITH 1
    INCREMENT BY 1
    NO MINVALUE
    NO MAXVALUE
    CACHE 1;


ALTER TABLE public."chest_artefactId_seq" OWNER TO wof;

--
-- Name: chest_artefactId_seq; Type: SEQUENCE OWNED BY; Schema: public; Owner: wof
--

ALTER SEQUENCE "chest_artefactId_seq" OWNED BY chest."artefactId";


--
-- Name: chest_artefactId_seq; Type: SEQUENCE SET; Schema: public; Owner: wof
--

SELECT pg_catalog.setval('"chest_artefactId_seq"', 1, false);


--
-- Name: chest_chestId_seq; Type: SEQUENCE; Schema: public; Owner: wof
--

CREATE SEQUENCE "chest_chestId_seq"
    START WITH 1
    INCREMENT BY 1
    NO MINVALUE
    NO MAXVALUE
    CACHE 1;


ALTER TABLE public."chest_chestId_seq" OWNER TO wof;

--
-- Name: chest_chestId_seq; Type: SEQUENCE OWNED BY; Schema: public; Owner: wof
--

ALTER SEQUENCE "chest_chestId_seq" OWNED BY chest."chestId";


--
-- Name: chest_chestId_seq; Type: SEQUENCE SET; Schema: public; Owner: wof
--

SELECT pg_catalog.setval('"chest_chestId_seq"', 1, false);


--
-- Name: game; Type: TABLE; Schema: public; Owner: wof; Tablespace: 
--

CREATE TABLE game (
    "gameId" integer NOT NULL,
    "isActive" boolean DEFAULT true NOT NULL,
    "isOpen" boolean DEFAULT true NOT NULL,
    "numberOfPlayers" integer NOT NULL,
    "gameMasterId" integer,
    "turnPlayerId" integer,
    begin timestamp without time zone DEFAULT now(),
    "turnNumber" integer DEFAULT 1,
    channel integer NOT NULL
);


ALTER TABLE public.game OWNER TO wof;

--
-- Name: game_gameId_seq; Type: SEQUENCE; Schema: public; Owner: wof
--

CREATE SEQUENCE "game_gameId_seq"
    START WITH 1
    INCREMENT BY 1
    NO MINVALUE
    NO MAXVALUE
    CACHE 1;


ALTER TABLE public."game_gameId_seq" OWNER TO wof;

--
-- Name: game_gameId_seq; Type: SEQUENCE OWNED BY; Schema: public; Owner: wof
--

ALTER SEQUENCE "game_gameId_seq" OWNED BY game."gameId";


--
-- Name: game_gameId_seq; Type: SEQUENCE SET; Schema: public; Owner: wof
--

SELECT pg_catalog.setval('"game_gameId_seq"', 230, true);


--
-- Name: hero; Type: TABLE; Schema: public; Owner: wof; Tablespace: 
--

CREATE TABLE hero (
    "heroId" integer NOT NULL,
    "playerId" integer NOT NULL,
    "numberOfMoves" integer DEFAULT 16 NOT NULL,
    "attackPoints" integer DEFAULT 5 NOT NULL,
    "defensePoints" integer DEFAULT 5 NOT NULL,
    experience integer DEFAULT 0,
    name character varying(32)
);


ALTER TABLE public.hero OWNER TO wof;

--
-- Name: hero_heroId_seq; Type: SEQUENCE; Schema: public; Owner: wof
--

CREATE SEQUENCE "hero_heroId_seq"
    START WITH 1
    INCREMENT BY 1
    NO MINVALUE
    NO MAXVALUE
    CACHE 1;


ALTER TABLE public."hero_heroId_seq" OWNER TO wof;

--
-- Name: hero_heroId_seq; Type: SEQUENCE OWNED BY; Schema: public; Owner: wof
--

ALTER SEQUENCE "hero_heroId_seq" OWNED BY hero."heroId";


--
-- Name: hero_heroId_seq; Type: SEQUENCE SET; Schema: public; Owner: wof
--

SELECT pg_catalog.setval('"hero_heroId_seq"', 117, true);


--
-- Name: heroesingame; Type: TABLE; Schema: public; Owner: wof; Tablespace: 
--

CREATE TABLE heroesingame (
    "heroId" integer NOT NULL,
    "gameId" integer NOT NULL,
    "armyId" integer,
    "movesLeft" integer DEFAULT 0 NOT NULL
);


ALTER TABLE public.heroesingame OWNER TO wof;

--
-- Name: inventory; Type: TABLE; Schema: public; Owner: wof; Tablespace: 
--

CREATE TABLE inventory (
    "heroId" integer NOT NULL,
    "artefactId" integer NOT NULL,
    "gameId" integer NOT NULL,
    quantity integer DEFAULT 1 NOT NULL
);


ALTER TABLE public.inventory OWNER TO wof;

--
-- Name: log; Type: TABLE; Schema: public; Owner: wof; Tablespace: 
--

CREATE TABLE log (
    "logId" integer NOT NULL,
    "playerId" integer NOT NULL,
    date timestamp without time zone DEFAULT now() NOT NULL,
    request character varying NOT NULL
);


ALTER TABLE public.log OWNER TO wof;

--
-- Name: log_logId_seq; Type: SEQUENCE; Schema: public; Owner: wof
--

CREATE SEQUENCE "log_logId_seq"
    START WITH 1
    INCREMENT BY 1
    NO MINVALUE
    NO MAXVALUE
    CACHE 1;


ALTER TABLE public."log_logId_seq" OWNER TO wof;

--
-- Name: log_logId_seq; Type: SEQUENCE OWNED BY; Schema: public; Owner: wof
--

ALTER SEQUENCE "log_logId_seq" OWNED BY log."logId";


--
-- Name: log_logId_seq; Type: SEQUENCE SET; Schema: public; Owner: wof
--

SELECT pg_catalog.setval('"log_logId_seq"', 1, false);


--
-- Name: map; Type: TABLE; Schema: public; Owner: wof; Tablespace: 
--

CREATE TABLE map (
    "mapId" integer NOT NULL,
    "playerId" integer NOT NULL,
    name character varying NOT NULL,
    "mapWidth" integer NOT NULL,
    "mapHeight" integer NOT NULL
);


ALTER TABLE public.map OWNER TO wof;

--
-- Name: map_mapId_seq; Type: SEQUENCE; Schema: public; Owner: wof
--

CREATE SEQUENCE "map_mapId_seq"
    START WITH 1
    INCREMENT BY 1
    NO MINVALUE
    NO MAXVALUE
    CACHE 1;


ALTER TABLE public."map_mapId_seq" OWNER TO wof;

--
-- Name: map_mapId_seq; Type: SEQUENCE OWNED BY; Schema: public; Owner: wof
--

ALTER SEQUENCE "map_mapId_seq" OWNED BY map."mapId";


--
-- Name: map_mapId_seq; Type: SEQUENCE SET; Schema: public; Owner: wof
--

SELECT pg_catalog.setval('"map_mapId_seq"', 5, true);


--
-- Name: player; Type: TABLE; Schema: public; Owner: wof; Tablespace: 
--

CREATE TABLE player (
    "fbId" character varying(256),
    "playerId" integer NOT NULL,
    activity timestamp without time zone DEFAULT now(),
    login character varying,
    password character varying,
    "isLogged" boolean DEFAULT false,
    "firstName" character varying(256),
    "lastName" character varying(256),
    locale character(5),
    computer boolean DEFAULT false NOT NULL
);


ALTER TABLE public.player OWNER TO wof;

--
-- Name: player_playerId_seq; Type: SEQUENCE; Schema: public; Owner: wof
--

CREATE SEQUENCE "player_playerId_seq"
    START WITH 1
    INCREMENT BY 1
    NO MINVALUE
    NO MAXVALUE
    CACHE 1;


ALTER TABLE public."player_playerId_seq" OWNER TO wof;

--
-- Name: player_playerId_seq; Type: SEQUENCE OWNED BY; Schema: public; Owner: wof
--

ALTER SEQUENCE "player_playerId_seq" OWNED BY player."playerId";


--
-- Name: player_playerId_seq; Type: SEQUENCE SET; Schema: public; Owner: wof
--

SELECT pg_catalog.setval('"player_playerId_seq"', 114, true);


--
-- Name: playersingame; Type: TABLE; Schema: public; Owner: wof; Tablespace: 
--

CREATE TABLE playersingame (
    "gameId" integer NOT NULL,
    "playerId" integer NOT NULL,
    color character varying,
    timeout timestamp without time zone DEFAULT now() NOT NULL,
    ready boolean DEFAULT false NOT NULL,
    "turnActive" boolean DEFAULT false NOT NULL,
    gold integer DEFAULT 0 NOT NULL,
    lost boolean DEFAULT false NOT NULL
);


ALTER TABLE public.playersingame OWNER TO wof;

--
-- Name: production; Type: TABLE; Schema: public; Owner: wof; Tablespace: 
--

CREATE TABLE production (
    "castleId" integer NOT NULL,
    "unitId" integer NOT NULL,
    "numberOfTurns" integer DEFAULT 1 NOT NULL,
    "order" integer NOT NULL
);


ALTER TABLE public.production OWNER TO wof;

--
-- Name: ruin; Type: TABLE; Schema: public; Owner: wof; Tablespace: 
--

CREATE TABLE ruin (
    "ruinId" integer NOT NULL,
    "gameId" integer NOT NULL
);


ALTER TABLE public.ruin OWNER TO wof;

--
-- Name: soldier; Type: TABLE; Schema: public; Owner: wof; Tablespace: 
--

CREATE TABLE soldier (
    "soldierId" integer NOT NULL,
    "armyId" integer NOT NULL,
    "unitId" integer NOT NULL,
    experience integer DEFAULT 0 NOT NULL,
    "gameId" integer,
    "movesLeft" integer DEFAULT 0
);


ALTER TABLE public.soldier OWNER TO wof;

--
-- Name: soldier_soldierId_seq; Type: SEQUENCE; Schema: public; Owner: wof
--

CREATE SEQUENCE "soldier_soldierId_seq"
    START WITH 1
    INCREMENT BY 1
    NO MINVALUE
    NO MAXVALUE
    CACHE 1;


ALTER TABLE public."soldier_soldierId_seq" OWNER TO wof;

--
-- Name: soldier_soldierId_seq; Type: SEQUENCE OWNED BY; Schema: public; Owner: wof
--

ALTER SEQUENCE "soldier_soldierId_seq" OWNED BY soldier."soldierId";


--
-- Name: soldier_soldierId_seq; Type: SEQUENCE SET; Schema: public; Owner: wof
--

SELECT pg_catalog.setval('"soldier_soldierId_seq"', 5910, true);


--
-- Name: tower; Type: TABLE; Schema: public; Owner: wof; Tablespace: 
--

CREATE TABLE tower (
    "towerId" integer NOT NULL,
    "gameId" integer NOT NULL,
    "playerId" integer NOT NULL
);


ALTER TABLE public.tower OWNER TO wof;

--
-- Name: unit; Type: TABLE; Schema: public; Owner: wof; Tablespace: 
--

CREATE TABLE unit (
    "unitId" integer NOT NULL,
    name character varying,
    "numberOfMoves" integer NOT NULL,
    "attackPoints" integer NOT NULL,
    "defensePoints" integer NOT NULL,
    "canFly" boolean DEFAULT false NOT NULL,
    "canSwim" boolean DEFAULT false NOT NULL,
    "modMovesForest" integer DEFAULT 0 NOT NULL,
    "modMovesGrass" integer DEFAULT 0 NOT NULL,
    "modMovesSwamp" integer DEFAULT 0 NOT NULL,
    "modMovesMountains" integer DEFAULT 0 NOT NULL,
    "modMovesWater" integer DEFAULT 0 NOT NULL,
    "modAttackForest" integer DEFAULT 0 NOT NULL,
    "modAttackGrass" integer DEFAULT 0 NOT NULL,
    "modAttackSwamp" integer DEFAULT 0 NOT NULL,
    "modAttackMountains" integer DEFAULT 0 NOT NULL,
    "modAttackWater" integer DEFAULT 0 NOT NULL,
    "modDefenseForest" integer DEFAULT 0 NOT NULL,
    "modDefenseGrass" integer DEFAULT 0 NOT NULL,
    "modDefenseSwamp" integer DEFAULT 0 NOT NULL,
    "modDefenseMountains" integer DEFAULT 0 NOT NULL,
    "modDefenseWater" integer DEFAULT 0 NOT NULL,
    cost integer DEFAULT 0 NOT NULL
);


ALTER TABLE public.unit OWNER TO wof;

--
-- Name: unit_unitId_seq; Type: SEQUENCE; Schema: public; Owner: wof
--

CREATE SEQUENCE "unit_unitId_seq"
    START WITH 1
    INCREMENT BY 1
    NO MINVALUE
    NO MAXVALUE
    CACHE 1;


ALTER TABLE public."unit_unitId_seq" OWNER TO wof;

--
-- Name: unit_unitId_seq; Type: SEQUENCE OWNED BY; Schema: public; Owner: wof
--

ALTER SEQUENCE "unit_unitId_seq" OWNED BY unit."unitId";


--
-- Name: unit_unitId_seq; Type: SEQUENCE SET; Schema: public; Owner: wof
--

SELECT pg_catalog.setval('"unit_unitId_seq"', 15, true);


--
-- Name: chestId; Type: DEFAULT; Schema: public; Owner: wof
--

ALTER TABLE ONLY chest ALTER COLUMN "chestId" SET DEFAULT nextval('"chest_chestId_seq"'::regclass);


--
-- Name: gameId; Type: DEFAULT; Schema: public; Owner: wof
--

ALTER TABLE ONLY game ALTER COLUMN "gameId" SET DEFAULT nextval('"game_gameId_seq"'::regclass);


--
-- Name: heroId; Type: DEFAULT; Schema: public; Owner: wof
--

ALTER TABLE ONLY hero ALTER COLUMN "heroId" SET DEFAULT nextval('"hero_heroId_seq"'::regclass);


--
-- Name: logId; Type: DEFAULT; Schema: public; Owner: wof
--

ALTER TABLE ONLY log ALTER COLUMN "logId" SET DEFAULT nextval('"log_logId_seq"'::regclass);


--
-- Name: mapId; Type: DEFAULT; Schema: public; Owner: wof
--

ALTER TABLE ONLY map ALTER COLUMN "mapId" SET DEFAULT nextval('"map_mapId_seq"'::regclass);


--
-- Name: playerId; Type: DEFAULT; Schema: public; Owner: wof
--

ALTER TABLE ONLY player ALTER COLUMN "playerId" SET DEFAULT nextval('"player_playerId_seq"'::regclass);


--
-- Name: soldierId; Type: DEFAULT; Schema: public; Owner: wof
--

ALTER TABLE ONLY soldier ALTER COLUMN "soldierId" SET DEFAULT nextval('"soldier_soldierId_seq"'::regclass);


--
-- Name: unitId; Type: DEFAULT; Schema: public; Owner: wof
--

ALTER TABLE ONLY unit ALTER COLUMN "unitId" SET DEFAULT nextval('"unit_unitId_seq"'::regclass);


--
-- Data for Name: army; Type: TABLE DATA; Schema: public; Owner: wof
--

COPY army ("armyId", "playerId", "gameId", destroyed, x, y) FROM stdin;
38	73	207	f	41	37
36	73	207	t	48	34
37	73	207	t	43	45
16	73	214	t	22	8
36	111	215	f	41	37
35	111	215	f	53	30
12	111	215	f	54	30
13	111	215	t	59	24
14	111	215	t	31	18
28	111	216	f	53	30
15	111	215	t	56	27
29	111	216	t	39	30
25	111	216	f	48	36
26	111	216	f	58	45
27	111	216	t	53	30
41	111	218	t	41	37
25	73	224	t	89	0
78	111	218	f	79	37
28	73	224	t	100	3
42	111	218	t	41	37
11	111	218	t	84	42
12	111	218	t	68	18
9	111	228	t	43	45
43	111	218	t	41	37
27	73	224	f	83	41
26	73	224	f	69	18
93	73	228	t	100	3
54	112	228	t	7	29
117	113	228	t	50	23
76	112	228	t	38	34
56	112	228	t	41	37
134	112	228	t	39	33
135	112	228	t	39	33
58	112	228	t	39	35
152	113	228	t	45	34
59	112	228	t	36	12
77	112	228	t	31	35
46	112	228	t	36	34
205	113	228	t	82	40
163	113	228	t	41	37
133	112	228	t	36	34
201	113	228	t	23	40
202	113	228	t	41	34
44	112	228	t	41	37
115	113	228	t	48	34
199	113	228	t	33	22
75	112	228	t	48	34
45	112	228	t	48	2
149	113	228	t	48	36
200	113	228	t	8	21
55	112	228	t	48	34
162	113	228	t	50	18
116	113	228	t	42	26
251	113	228	t	48	34
250	113	228	t	82	40
306	113	228	t	50	33
309	113	228	t	50	33
132	112	228	t	39	35
310	113	228	t	59	24
151	113	228	t	23	38
57	112	228	t	48	34
311	113	228	t	54	22
312	113	228	t	50	18
150	113	228	t	46	37
308	113	228	t	87	27
247	113	228	t	87	27
198	113	228	t	52	15
252	113	228	t	39	33
203	113	228	t	87	27
161	113	228	t	36	34
253	113	228	t	87	27
248	113	228	t	50	18
245	113	228	t	31	35
204	113	228	t	87	27
246	113	228	t	87	27
249	113	228	t	63	25
307	113	228	t	87	27
243	113	228	t	38	34
244	113	228	t	23	15
313	113	228	f	92	22
1	111	208	f	41	37
3	113	208	f	100	3
17	111	214	t	62	56
16	73	215	t	19	20
31	73	216	t	19	20
32	73	216	f	9	35
30	73	216	f	10	38
1	111	216	f	24	51
44	73	218	t	4	16
80	73	218	f	8	34
45	73	218	t	8	34
46	73	218	t	48	2
47	73	218	t	15	32
48	73	218	t	22	8
49	73	218	t	7	7
14	73	218	f	35	35
13	73	218	f	7	30
50	73	218	f	33	21
79	73	218	t	4	16
81	73	218	t	15	32
82	73	218	t	7	7
83	73	218	t	8	25
84	73	218	t	48	2
1	111	219	f	62	56
2	112	219	f	11	30
3	113	219	f	42	26
30	113	224	f	31	18
29	113	224	f	6	16
10	113	228	t	57	52
47	113	228	t	38	34
120	112	228	t	39	33
63	113	228	t	44	40
11	113	228	t	31	18
153	113	228	t	59	25
96	112	228	t	22	41
97	112	228	t	42	26
78	113	228	t	33	34
62	113	228	t	41	37
95	112	228	t	34	27
118	112	228	t	41	37
119	112	228	t	36	34
99	112	228	t	16	13
137	113	228	t	48	34
79	113	228	t	42	26
166	113	228	t	82	40
98	112	228	t	35	34
100	112	228	t	29	15
206	113	228	t	31	18
207	113	228	t	8	25
208	113	228	t	15	32
209	113	228	t	15	32
94	112	228	t	31	35
136	113	228	t	48	34
61	113	228	t	36	34
167	113	228	t	31	18
60	113	228	t	52	32
210	113	228	t	15	13
211	113	228	t	65	35
165	113	228	t	52	15
256	113	228	t	15	32
164	113	228	t	28	33
258	113	228	t	19	20
314	113	228	t	50	33
316	113	228	t	50	33
254	113	228	t	33	33
262	113	228	t	81	7
257	113	228	t	33	33
259	113	228	t	65	35
260	113	228	t	42	26
261	113	228	t	56	27
315	113	228	t	34	25
255	113	228	t	87	27
1	111	229	t	48	34
1	111	230	f	19	20
2	112	230	f	41	37
4	73	208	f	19	20
1	111	215	t	47	35
17	111	215	f	53	32
19	111	215	f	54	25
2	73	216	t	21	8
33	111	216	f	47	41
34	111	216	f	57	52
35	111	216	f	47	33
36	111	216	t	53	30
37	111	216	f	39	30
38	111	216	f	30	42
17	111	218	t	33	38
15	111	218	t	41	37
16	111	218	t	33	38
31	73	224	t	89	0
32	73	224	t	100	3
33	73	224	t	85	2
34	73	224	t	90	16
51	111	218	t	78	0
35	73	224	t	78	0
85	111	218	t	41	37
36	73	224	t	87	27
86	111	218	t	41	37
87	111	218	t	41	37
4	73	219	f	100	3
48	112	228	t	35	15
12	111	228	t	22	54
37	73	224	f	55	23
64	112	228	t	38	34
121	113	228	t	39	32
171	113	228	t	40	34
65	112	228	t	31	35
155	113	228	t	43	45
172	113	228	t	40	36
49	112	228	t	30	35
82	112	228	t	23	38
143	112	228	t	23	15
85	112	228	t	11	14
81	112	228	t	34	27
83	112	228	t	48	34
145	112	228	t	35	34
154	113	228	t	48	34
141	112	228	t	42	26
86	112	228	t	36	21
140	112	228	t	23	38
168	113	228	t	42	34
169	113	228	t	50	33
84	112	228	t	39	33
80	112	228	t	39	33
212	113	228	t	16	13
139	112	228	t	36	34
213	113	228	t	16	13
263	113	228	t	34	25
269	113	228	t	77	7
170	113	228	t	51	38
266	113	228	t	15	13
142	112	228	t	35	34
267	113	228	t	7	15
268	113	228	t	64	20
264	113	228	t	21	14
138	112	228	t	39	35
270	113	228	t	85	2
101	113	228	t	46	38
265	113	228	t	23	38
2	73	229	f	34	30
144	112	228	t	48	34
3	74	230	f	100	3
2	112	209	f	19	20
3	113	209	f	41	37
2	73	215	t	19	20
20	73	215	f	31	18
3	73	216	t	40	36
1	111	217	f	43	45
18	73	218	t	19	20
20	73	218	t	15	32
21	73	218	t	22	8
19	73	218	t	31	18
58	73	218	f	31	18
59	73	218	f	41	0
52	73	218	t	4	16
53	73	218	t	8	34
54	73	218	t	48	2
55	73	218	t	15	32
56	73	218	t	22	8
57	73	218	t	7	7
60	73	218	t	19	20
61	73	218	t	8	25
88	73	218	t	4	16
89	73	218	t	15	32
90	73	218	t	7	7
91	73	218	t	8	25
92	73	218	t	48	2
1	111	220	f	62	56
2	112	220	f	19	20
3	113	220	f	41	37
67	112	228	t	7	30
38	73	224	f	62	5
66	112	228	t	23	38
50	113	228	t	38	34
159	113	228	t	45	34
156	113	228	t	48	34
72	112	228	t	36	21
148	113	228	t	40	31
277	113	228	t	84	42
157	113	228	t	32	36
91	113	228	t	46	38
90	113	228	t	54	22
13	112	228	t	36	34
102	73	228	t	100	3
71	112	228	t	16	13
70	112	228	t	29	15
69	112	228	t	56	27
88	113	228	t	46	38
87	113	228	t	38	34
146	113	228	t	52	32
122	73	228	t	90	16
147	113	228	t	42	26
68	112	228	t	22	54
175	113	228	t	32	36
275	113	228	t	47	6
160	113	228	t	59	25
89	113	228	t	50	18
158	113	228	t	59	25
219	113	228	t	65	35
214	113	228	t	31	18
215	113	228	t	8	25
223	113	228	t	56	27
224	113	228	t	59	24
174	113	228	t	24	37
273	113	228	t	12	12
217	113	228	t	23	38
216	113	228	t	18	30
173	113	228	t	33	35
220	113	228	t	47	7
222	113	228	t	82	40
221	113	228	t	86	45
225	113	228	t	50	33
226	113	228	t	50	33
3	111	229	t	48	34
228	113	228	t	59	24
4	73	230	f	62	56
227	113	228	t	41	37
229	113	228	t	67	18
218	113	228	t	23	15
274	113	228	t	65	35
280	113	228	t	71	6
279	113	228	t	85	2
271	113	228	t	34	19
272	113	228	t	15	32
276	113	228	t	86	45
278	113	228	t	8	25
4	73	209	f	100	3
3	73	215	t	19	20
4	111	216	t	65	35
2	73	217	f	19	20
21	73	215	f	15	46
22	73	218	f	41	37
93	111	218	f	70	35
4	73	220	f	100	3
62	73	218	f	45	34
39	113	224	f	10	15
40	113	224	f	7	15
105	112	228	t	22	41
15	113	228	t	31	18
123	112	228	t	8	21
74	113	228	t	42	38
124	112	228	t	34	27
14	113	228	t	56	52
53	112	228	t	7	29
103	112	228	t	23	38
52	112	228	t	14	26
106	112	228	t	30	35
51	112	228	t	20	17
126	112	228	t	35	34
176	73	228	t	90	16
129	112	228	t	39	33
231	113	228	t	15	32
128	112	228	t	29	15
92	112	228	t	24	37
127	112	228	t	39	33
230	113	228	t	53	30
104	112	228	t	33	22
234	113	228	t	8	25
232	113	228	t	21	16
125	112	228	t	23	38
233	113	228	t	11	14
235	113	228	t	72	11
73	113	228	t	49	33
283	113	228	t	4	16
282	113	228	t	19	20
281	113	228	t	29	15
284	113	228	t	71	33
4	111	229	f	45	34
2	112	210	f	19	20
3	113	210	f	41	37
1	111	218	t	48	34
25	111	215	t	53	30
4	111	215	t	63	35
5	73	216	t	19	20
22	111	215	f	58	45
23	111	215	f	48	36
24	111	215	t	53	30
94	73	218	t	4	16
25	111	218	t	33	38
95	73	218	t	15	32
96	73	218	t	7	7
24	111	218	t	41	37
97	73	218	t	8	25
66	73	218	f	22	8
68	73	218	f	19	20
63	73	218	t	4	16
64	73	218	t	8	34
65	73	218	t	15	32
67	73	218	t	7	7
69	73	218	t	8	25
70	73	218	t	48	2
98	73	218	t	48	2
23	111	218	t	41	37
2	112	221	f	19	20
3	113	221	f	41	37
1	111	221	f	53	49
41	73	224	f	59	24
42	73	224	t	71	6
45	73	224	t	85	2
47	73	224	t	78	0
48	73	224	t	87	27
43	73	224	f	80	8
44	73	224	f	90	4
46	73	224	f	85	30
16	111	228	t	41	37
107	113	228	t	54	22
130	113	228	t	49	40
178	113	228	t	11	17
177	113	228	t	32	36
179	113	228	t	64	34
180	113	228	t	82	40
182	113	228	t	31	18
287	113	228	t	69	35
239	113	228	t	69	35
237	113	228	t	34	27
288	113	228	t	33	33
240	113	228	t	52	14
236	113	228	t	48	34
5	111	229	f	44	34
241	113	228	t	39	33
181	113	228	t	47	20
238	113	228	t	34	25
242	113	228	t	56	27
285	113	228	t	34	23
289	113	228	t	79	5
290	113	228	t	19	20
286	113	228	t	15	32
4	73	210	f	100	3
5	73	215	t	19	20
26	73	215	t	19	20
6	111	216	t	59	39
27	73	218	t	15	32
28	73	218	t	22	8
29	73	218	t	7	7
30	73	218	t	8	42
26	73	218	f	34	29
2	73	218	f	33	38
71	73	218	t	4	16
72	73	218	t	8	34
73	73	218	t	15	32
74	73	218	t	7	7
75	73	218	t	8	25
76	73	218	t	48	2
99	111	218	f	76	8
4	73	221	f	100	3
49	73	224	f	79	35
17	112	228	t	5	19
108	73	228	t	100	3
183	73	228	f	90	16
294	113	228	t	85	2
293	113	228	t	84	42
292	113	228	t	15	32
291	113	228	t	61	26
131	73	228	t	90	16
6	111	229	t	44	34
31	111	218	t	57	52
2	112	211	f	19	20
3	113	211	f	41	37
32	111	218	t	46	42
7	73	216	f	20	51
77	73	218	f	42	43
6	111	215	f	58	30
27	73	215	f	31	37
33	111	218	f	48	34
3	111	218	t	65	35
100	73	218	t	4	16
101	73	218	t	15	32
102	73	218	t	7	7
103	73	218	t	8	25
104	73	218	t	48	2
2	112	222	f	19	20
3	113	222	f	41	37
1	111	222	f	53	49
50	113	224	f	18	12
111	112	228	t	31	35
18	113	228	t	37	34
21	113	228	t	46	38
19	113	228	t	41	37
113	112	228	t	29	15
20	113	228	t	31	18
114	112	228	t	34	33
109	112	228	t	7	30
112	112	228	t	33	22
110	112	228	t	33	22
300	113	228	t	71	6
297	113	228	t	89	0
298	113	228	t	48	2
186	113	228	t	12	22
296	113	228	t	63	24
184	113	228	t	32	36
295	113	228	t	15	32
187	113	228	t	18	23
299	113	228	t	67	29
185	113	228	t	13	35
188	113	228	t	91	17
7	111	229	f	54	37
4	73	211	f	100	3
37	73	218	f	8	42
28	111	215	f	57	52
29	111	215	f	47	41
30	111	215	f	47	33
31	111	215	t	53	30
7	73	215	f	10	36
4	73	218	t	19	20
34	73	218	t	15	32
35	73	218	t	22	8
36	73	218	t	7	7
38	73	218	t	19	20
39	73	218	t	8	34
4	73	222	f	100	3
40	73	218	f	48	3
52	73	224	f	85	2
53	73	224	f	78	0
55	73	224	f	56	27
59	73	224	f	54	22
51	73	224	t	71	6
54	73	224	t	87	27
56	73	224	t	89	0
57	73	224	t	100	3
58	73	224	t	90	16
60	73	224	t	86	45
61	73	224	t	84	42
22	111	228	t	48	36
301	113	228	t	15	32
302	113	228	t	42	34
189	113	228	t	34	27
190	113	228	t	6	30
191	113	228	t	22	41
192	113	228	t	10	11
193	113	228	t	64	34
303	113	228	t	8	25
194	113	228	t	40	36
195	113	228	t	40	36
305	113	228	t	77	7
196	113	228	t	40	36
197	113	228	t	12	22
304	113	228	t	28	46
8	111	229	f	34	33
5	111	218	t	59	39
9	73	216	t	19	20
8	111	215	f	56	32
34	73	215	t	8	42
33	73	215	f	19	12
3	113	223	f	41	37
1	111	223	f	53	49
2	112	223	f	16	12
3	113	225	f	41	37
9	73	229	t	19	20
23	112	228	t	34	27
1	111	225	t	41	37
2	112	225	f	25	12
2	73	212	f	19	20
10	111	216	f	52	31
9	111	215	t	57	52
10	111	215	t	46	42
11	111	215	t	37	34
11	111	216	f	61	37
4	73	223	f	100	3
4	73	225	f	100	3
7	73	218	f	57	8
6	73	218	t	7	30
25	113	228	t	27	15
24	113	228	t	42	31
27	113	228	t	41	37
10	111	229	f	40	34
26	113	228	t	19	21
8	111	218	t	57	52
2	112	224	f	41	37
12	73	216	f	31	18
5	111	225	f	52	48
11	73	229	t	19	20
28	111	228	t	48	46
1	111	224	t	48	34
3	113	224	t	41	37
2	73	213	f	19	20
13	111	216	f	52	32
14	111	216	f	59	39
15	111	216	t	37	34
9	73	218	t	19	20
4	73	224	f	87	38
10	73	218	f	60	6
6	111	225	f	56	52
30	112	228	t	54	22
29	112	228	t	17	17
16	73	216	t	19	20
17	73	216	t	10	36
1	111	214	t	52	21
5	111	224	f	50	33
7	112	225	f	15	13
32	113	228	t	31	17
31	113	228	t	42	38
35	113	228	t	48	34
34	113	228	t	58	42
33	113	228	t	15	32
2	73	214	t	31	18
6	73	224	t	100	3
1	111	226	f	62	56
2	112	226	f	19	20
18	111	216	t	47	41
19	111	216	t	57	52
20	111	216	t	47	33
21	111	216	t	53	30
3	113	226	f	41	37
4	114	226	f	100	3
36	111	228	t	43	45
3	73	214	t	19	20
24	73	216	t	8	42
23	73	216	f	25	6
22	73	216	t	10	36
7	111	224	f	59	29
3	113	227	f	41	37
1	111	227	f	53	49
2	112	227	f	16	12
38	112	228	t	34	30
37	112	228	t	11	18
4	73	214	f	17	24
8	113	224	t	4	16
39	113	228	t	41	37
9	113	224	f	9	26
4	73	227	f	100	3
43	113	228	t	42	34
42	113	228	t	53	36
40	113	228	t	38	34
41	113	228	t	15	35
10	73	224	t	89	0
5	111	214	f	55	24
11	73	224	t	85	2
12	73	224	t	100	3
2	112	228	t	8	25
1	111	228	t	43	45
3	113	228	t	22	54
6	73	214	t	19	20
7	73	214	t	22	8
4	73	228	t	91	16
13	111	224	t	50	33
8	111	214	f	53	31
5	111	228	t	50	33
14	113	224	f	12	24
9	73	214	f	19	20
10	73	214	t	22	8
15	73	224	t	89	0
16	73	224	t	85	2
18	73	224	t	90	16
17	73	224	t	73	8
6	113	228	t	45	43
11	111	214	f	56	37
7	111	228	t	52	48
19	73	224	t	58	26
12	73	214	t	22	8
20	111	224	f	62	56
21	111	224	f	43	45
8	112	228	t	29	43
13	111	214	f	58	45
23	113	224	t	17	10
24	113	224	f	43	17
22	113	224	f	11	16
14	73	214	t	22	8
15	111	214	f	57	52
29	73	207	f	31	18
26	73	207	t	48	34
27	73	207	t	43	45
28	73	207	t	41	37
8	73	207	t	19	19
1	111	206	f	62	56
3	73	207	t	62	56
4	73	207	t	62	56
5	73	207	t	43	45
6	73	207	t	62	56
7	73	207	t	43	45
9	73	207	t	41	37
10	73	207	t	48	34
11	73	207	t	43	45
12	73	207	t	41	37
13	73	207	t	62	56
2	73	207	t	58	44
14	73	207	t	48	34
15	73	207	t	43	45
16	73	207	t	41	37
17	73	207	t	62	56
18	73	207	t	48	34
19	73	207	t	43	45
20	73	207	t	62	56
21	73	207	t	41	37
24	73	207	f	62	56
22	73	207	t	48	34
23	73	207	t	43	45
25	73	207	t	41	37
30	73	207	t	48	34
31	73	207	t	43	45
32	73	207	t	41	37
33	73	207	t	48	34
34	73	207	t	43	45
35	73	207	t	41	37
\.


--
-- Data for Name: artefact; Type: TABLE DATA; Schema: public; Owner: wof
--

COPY artefact ("artefactId", name, description, image, probability, "canFly", "canSwim", "modMovesForest", "modMovesGrass", "modMovesSwamp", "modMovesMountains", "modMovesWater", "modAttackForest", "modAttackGrass", "modAttackSwamp", "modAttackMountains", "modAttackWater", "modDefenseForest", "modDefenseGrass", "modDefenseSwamp", "modDefenseMountains", "modDefenseWater", "modMoves", "modAttack", "modDefense", "unitId", type) FROM stdin;
1	Shoes of the Wind	You can fly when wearing this boots.		1	t	f	0	0	0	0	0	0	0	0	0	0	0	0	0	0	0	0	0	0	\N	\N
2	Shoes of speed.	Walking is easy with this boots.		100	f	f	0	0	0	0	0	0	0	0	0	0	0	0	0	0	0	6	0	0	\N	\N
3	Sword of power	Can cut through any shield.		100	f	f	0	0	0	0	0	0	0	0	0	0	0	0	0	0	0	0	3	0	\N	\N
7	Cavalry sword	This sword increase attack.	\N	1	f	f	0	0	0	0	0	0	0	0	0	0	0	0	0	0	0	0	1	0	3	1
8	Giants sword	This sword increase attack.	\N	1	f	f	0	0	0	0	0	0	0	0	0	0	0	0	0	0	0	0	1	0	4	1
9	Wolves sword	This sword increase attack.	\N	1	f	f	0	0	0	0	0	0	0	0	0	0	0	0	0	0	0	0	1	0	5	1
10	Navy sword	This sword increase attack.	\N	1	f	f	0	0	0	0	0	0	0	0	0	0	0	0	0	0	0	0	1	0	6	1
11	Archers sword	This sword increase attack.	\N	1	f	f	0	0	0	0	0	0	0	0	0	0	0	0	0	0	0	0	1	0	7	1
12	Pegasi sword	This sword increase attack.	\N	1	f	f	0	0	0	0	0	0	0	0	0	0	0	0	0	0	0	0	1	0	8	1
13	Dwaarves sword	This sword increase attack.	\N	1	f	f	0	0	0	0	0	0	0	0	0	0	0	0	0	0	0	0	1	0	9	1
14	Griffins sword	This sword increase attack.	\N	1	f	f	0	0	0	0	0	0	0	0	0	0	0	0	0	0	0	0	1	0	10	1
16	Light shield	This shield increase defense.	\N	1	f	f	0	0	0	0	0	0	0	0	0	0	0	0	0	0	0	0	0	1	1	2
17	Cavalry shield	This shield increase defense.	\N	1	f	f	0	0	0	0	0	0	0	0	0	0	0	0	0	0	0	0	0	1	3	2
18	Giants shield	This shield increase defense.	\N	1	f	f	0	0	0	0	0	0	0	0	0	0	0	0	0	0	0	0	0	1	4	2
19	Wolves shield	This shield increase defense.	\N	1	f	f	0	0	0	0	0	0	0	0	0	0	0	0	0	0	0	0	0	1	5	2
20	Navy shield	This shield increase defense.	\N	1	f	f	0	0	0	0	0	0	0	0	0	0	0	0	0	0	0	0	0	1	6	2
21	Archers shield	This shield increase defense.	\N	1	f	f	0	0	0	0	0	0	0	0	0	0	0	0	0	0	0	0	0	1	7	2
22	Pegasi shield	This shield increase defense.	\N	1	f	f	0	0	0	0	0	0	0	0	0	0	0	0	0	0	0	0	0	1	8	2
23	Dwarves shield	This shield increase defense.	\N	1	f	f	0	0	0	0	0	0	0	0	0	0	0	0	0	0	0	0	0	1	9	2
24	Griffins shield	This shield increase defense.	\N	1	f	f	0	0	0	0	0	0	0	0	0	0	0	0	0	0	0	0	0	1	10	2
15	Heavy shield	This shield increase defense.	\N	1	f	f	0	0	0	0	0	0	0	0	0	0	0	0	0	0	0	0	0	1	2	2
5	Light sword	This sword increase light infantry attack.	\N	1	f	f	0	0	0	0	0	0	0	0	0	0	0	0	0	0	0	0	1	0	1	1
6	Heavy sword	This sword increase heavy infantry attack.	\N	1	f	f	0	0	0	0	0	0	0	0	0	0	0	0	0	0	0	0	1	0	2	1
25	Light shoes	This shoes increase number of moves.	\N	1	f	f	0	0	0	0	0	0	0	0	0	0	0	0	0	0	0	1	0	0	1	3
26	Heavy shoes	This shoes increase number of moves.	\N	1	f	f	0	0	0	0	0	0	0	0	0	0	0	0	0	0	0	1	0	0	2	3
27	Cavalry shoes	This shoes increase number of moves.	\N	1	f	f	0	0	0	0	0	0	0	0	0	0	0	0	0	0	0	1	0	0	3	3
28	Giants shoes	This shoes increase number of moves.	\N	1	f	f	0	0	0	0	0	0	0	0	0	0	0	0	0	0	0	1	0	0	4	3
29	Wolves shoes	This shoes increase number of moves.	\N	1	f	f	0	0	0	0	0	0	0	0	0	0	0	0	0	0	0	1	0	0	5	3
30	Navy shoes	This shoes increase number of moves.	\N	1	f	f	0	0	0	0	0	0	0	0	0	0	0	0	0	0	0	1	0	0	6	3
31	Archers shoes	This shoes increase number of moves.	\N	1	f	f	0	0	0	0	0	0	0	0	0	0	0	0	0	0	0	1	0	0	7	3
32	Pegasi shoes	This shoes increase number of moves.	\N	1	f	f	0	0	0	0	0	0	0	0	0	0	0	0	0	0	0	1	0	0	8	3
33	Dwarves shoes	This shoes increase number of moves.	\N	1	f	f	0	0	0	0	0	0	0	0	0	0	0	0	0	0	0	1	0	0	9	3
34	Griffins shoes	This shoes increase number of moves.	\N	1	f	f	0	0	0	0	0	0	0	0	0	0	0	0	0	0	0	1	0	0	10	3
\.


--
-- Data for Name: castle; Type: TABLE DATA; Schema: public; Owner: wof
--

COPY castle ("castleId", "playerId", "gameId", production, "productionTurn", razed, "defenseMod") FROM stdin;
2	73	162	1	0	f	-5
1	73	156	7	0	f	0
0	74	154	\N	1	f	0
1	75	154	7	0	f	0
32	73	162	1	0	f	-1
2	73	156	1	0	f	0
24	73	155	4	1	f	0
1	74	157	\N	0	f	0
30	73	170	10	0	f	-1
8	73	170	3	2	f	1
0	74	155	1	1	f	0
0	73	157	\N	0	f	0
1	75	155	7	1	f	0
5	73	162	2	0	f	-1
6	73	170	3	2	f	0
15	73	172	\N	0	f	0
27	75	162	1	1	f	0
0	73	160	3	0	f	0
7	73	160	3	1	f	0
0	73	143	3	3	f	-1
1	75	163	7	0	f	-1
10	73	162	5	0	f	0
12	73	143	5	1	f	0
11	75	163	5	0	f	0
28	73	170	\N	0	f	-3
15	73	173	\N	0	f	0
0	73	177	1	0	f	0
30	75	162	10	1	f	0
24	75	162	4	1	f	0
18	75	162	5	2	f	-1
0	73	179	\N	0	f	0
11	73	143	4	0	f	0
10	73	143	4	0	f	0
5	73	143	7	0	f	0
1	73	143	7	0	f	-2
2	73	143	\N	0	f	-2
9	73	143	\N	0	f	0
30	74	142	\N	13	f	0
3	74	142	\N	11	f	0
2	74	142	\N	2	f	-6
8	74	142	\N	2	f	-3
6	74	142	\N	2	f	-2
0	73	158	3	1	f	0
0	73	181	\N	0	f	0
1	73	141	7	0	f	0
18	75	161	\N	2	t	0
0	73	142	1	1	f	0
7	73	142	1	1	f	-2
0	74	145	1	0	f	0
1	74	144	7	0	f	0
1	74	142	7	0	f	0
0	74	144	\N	0	f	-1
4	74	145	7	0	f	0
2	74	145	1	0	f	-1
0	75	159	\N	0	f	0
1	74	145	7	0	f	-1
8	74	145	1	0	f	-1
0	73	146	\N	0	f	0
1	74	146	\N	0	f	0
1	73	159	\N	0	f	0
1	75	182	\N	0	f	0
29	73	182	1	1	f	0
32	73	182	1	1	f	2
17	75	162	\N	4	f	-1
23	75	183	3	2	f	0
1	73	183	8	3	f	0
1	74	153	7	1	f	0
2	74	153	1	1	f	0
0	73	153	1	0	f	0
0	75	152	\N	0	f	0
1	74	152	\N	0	f	0
1	75	151	\N	0	f	0
0	74	151	\N	0	f	0
1	74	150	\N	0	f	0
0	75	150	\N	0	f	0
0	74	149	\N	0	f	0
1	75	149	\N	0	f	0
0	74	148	\N	0	f	0
11	73	162	5	0	f	0
1	75	148	\N	0	f	0
0	74	147	\N	1	f	0
1	75	147	7	0	f	0
0	73	161	3	1	f	0
0	75	156	3	4	f	0
9	75	156	2	2	f	0
24	111	185	\N	0	f	0
7	73	183	3	2	f	0
24	74	186	\N	21	f	0
31	75	162	3	5	f	0
4	75	162	\N	27	t	0
5	73	163	7	1	f	0
8	73	163	3	1	f	0
6	73	163	3	2	f	0
19	73	163	\N	10	f	0
15	75	162	\N	2	f	-1
1	75	158	7	1	f	0
5	75	171	2	2	f	0
9	75	163	2	1	f	0
12	75	163	5	1	f	0
0	75	165	1	0	f	0
2	74	165	1	1	f	0
30	74	171	10	1	f	0
13	73	162	5	1	f	0
1	73	162	2	1	f	-5
1	75	160	7	1	f	0
2	75	160	1	1	f	-2
3	75	160	2	1	f	0
4	75	160	8	7	f	0
12	73	162	5	2	f	0
3	73	162	\N	3	f	-3
19	74	166	1	0	f	0
29	74	166	1	0	f	0
13	74	166	5	0	f	0
14	74	166	3	3	f	0
5	75	164	8	3	f	0
2	75	167	\N	1	f	0
4	75	167	\N	0	f	-1
6	73	160	3	1	f	0
26	75	167	6	0	f	0
8	73	160	1	0	f	0
20	73	160	1	0	f	0
8	73	162	\N	36	t	-3
19	73	162	\N	22	t	0
0	73	162	8	5	f	0
10	74	166	4	2	f	0
14	75	162	1	1	f	0
28	75	162	3	1	f	0
29	75	162	1	1	f	0
23	75	162	1	1	f	-2
22	75	162	2	2	f	-1
21	75	162	2	2	f	-1
6	73	162	3	0	f	-1
7	73	162	3	0	f	0
20	73	162	3	0	f	-2
16	73	162	5	0	f	0
9	73	162	2	0	f	0
5	74	166	8	6	f	0
0	73	164	8	3	f	0
31	74	166	3	4	f	0
24	75	168	4	0	f	0
3	75	169	7	0	f	0
7	73	163	3	4	f	0
20	73	163	\N	7	t	0
3	73	163	8	3	f	0
24	73	174	\N	0	f	0
4	73	163	7	1	f	0
0	75	163	3	0	f	0
10	75	163	5	0	f	0
2	74	166	\N	9	f	0
25	74	166	6	8	f	0
26	74	166	6	8	f	0
27	74	166	\N	8	f	0
4	75	168	7	0	f	-1
1	75	164	8	4	f	0
8	75	164	\N	15	f	0
20	74	166	\N	3	f	0
11	74	166	5	2	f	0
7	75	164	\N	15	f	0
2	75	164	1	1	f	0
1	74	165	8	1	f	0
3	74	165	7	1	f	0
4	74	166	7	0	f	-1
12	74	166	5	0	f	0
7	74	166	3	0	f	0
8	74	166	3	0	f	0
3	74	166	2	0	f	0
1	74	166	7	0	f	-1
32	74	166	1	0	f	0
6	74	166	3	0	f	0
23	74	166	3	0	f	0
28	74	166	3	0	f	0
24	74	166	4	0	f	0
30	74	166	10	0	f	0
9	74	166	2	0	f	0
0	74	166	\N	0	f	-1
30	75	169	10	0	f	0
31	75	167	3	3	f	0
29	75	167	\N	2	f	0
23	75	167	3	2	f	0
28	75	167	3	1	f	0
27	75	167	6	1	f	0
0	74	167	1	1	f	0
24	75	167	4	0	f	0
30	75	167	10	0	f	0
3	75	167	7	0	f	0
2	74	168	1	1	f	0
1	75	167	\N	0	f	0
32	75	167	\N	0	f	0
19	74	168	2	2	f	0
6	74	168	3	3	f	0
1	74	168	8	3	f	0
20	74	168	3	3	f	0
0	74	168	3	4	f	0
9	74	168	2	2	f	0
8	74	168	3	4	f	0
7	74	168	3	4	f	0
3	74	168	2	1	f	0
5	74	168	7	1	f	0
32	75	168	1	0	f	0
29	75	168	1	0	f	0
25	75	168	2	0	f	0
26	75	168	2	0	f	0
24	73	170	\N	3	f	-1
7	73	170	3	2	f	1
30	75	168	10	1	f	0
28	75	168	3	2	f	0
27	75	168	\N	7	f	0
23	75	168	3	5	f	0
23	75	170	\N	59	t	0
32	73	169	1	1	f	-1
31	75	168	3	2	f	0
2	73	169	1	1	f	0
1	73	169	8	1	f	0
4	73	169	2	1	f	0
23	73	169	3	1	f	-1
5	73	169	2	1	f	0
24	74	179	\N	0	f	0
3	73	170	\N	5	f	8
29	73	169	\N	3	t	-1
0	73	169	8	2	f	0
24	73	169	4	2	f	-1
24	74	177	4	2	f	0
0	73	170	\N	26	f	0
24	74	181	\N	0	f	0
28	73	182	\N	1	f	0
4	75	182	7	0	f	0
0	77	171	8	1	f	0
2	75	163	\N	0	f	-3
28	74	171	3	2	f	0
19	73	171	2	1	f	0
1	75	171	8	5	f	0
2	75	171	1	1	f	0
29	73	170	\N	5	f	-1
11	73	170	\N	5	f	0
9	73	171	2	1	f	0
16	73	171	1	1	f	0
17	73	171	5	3	f	0
13	73	171	5	2	f	0
11	73	171	5	2	f	0
10	73	171	4	2	f	0
15	73	171	5	1	f	0
18	73	171	5	1	f	0
12	73	171	5	1	f	0
13	75	163	5	0	f	0
17	75	161	\N	2	t	0
31	75	161	\N	2	t	0
8	75	161	\N	6	t	0
2	75	161	\N	6	t	0
6	75	161	\N	6	t	0
7	75	161	\N	6	t	0
4	75	161	\N	6	t	0
20	75	161	\N	5	t	0
3	75	161	\N	5	f	0
22	75	161	\N	3	t	0
9	75	161	\N	3	t	0
19	75	161	\N	3	t	0
1	75	161	7	1	f	0
5	75	161	7	1	f	0
32	75	161	1	1	f	0
16	75	161	5	1	f	0
23	75	161	\N	1	f	0
10	73	170	\N	5	f	0
3	75	183	2	0	f	0
13	73	170	\N	5	f	0
15	73	170	\N	5	f	0
22	75	183	1	0	f	0
16	73	170	\N	5	f	0
18	73	170	\N	5	f	0
19	73	170	\N	5	f	0
21	73	170	\N	5	f	0
5	73	170	\N	5	f	0
27	73	170	\N	5	f	-1
14	73	170	\N	13	t	-1
26	73	170	\N	13	t	-1
4	73	170	\N	26	f	0
1	73	184	\N	0	f	0
22	73	170	\N	26	f	-1
31	73	170	\N	3	f	-1
1	73	170	8	0	f	0
24	107	175	\N	0	f	0
1	108	175	\N	0	f	0
15	109	175	\N	0	f	0
0	73	185	\N	0	f	0
9	73	177	1	0	f	0
24	73	180	\N	0	f	0
24	73	194	\N	1	f	0
4	77	171	2	1	f	0
0	111	188	\N	2	f	0
23	74	171	3	4	f	0
3	74	171	2	2	f	0
25	74	171	2	2	f	0
24	74	171	4	1	f	0
26	74	171	2	1	f	0
32	74	171	1	1	f	0
29	74	171	1	1	f	0
7	73	186	3	2	f	0
6	75	171	3	2	f	0
8	75	171	1	1	f	0
7	75	171	1	1	f	0
20	75	171	\N	1	f	0
2	73	186	\N	17	f	0
1	73	186	8	5	f	0
20	73	186	3	4	f	0
8	73	186	3	3	f	0
24	74	188	4	2	f	0
30	74	186	10	1	f	0
24	73	182	4	2	f	0
30	73	182	10	1	f	0
1	112	188	\N	2	f	0
24	75	183	4	1	f	0
15	73	192	5	2	f	0
5	75	183	2	1	f	0
23	75	192	3	5	f	0
2	73	183	1	1	f	1
4	73	183	7	1	f	0
29	75	192	1	1	f	0
24	73	189	4	1	f	0
20	74	187	3	2	f	0
1	74	187	8	2	f	-2
23	74	187	\N	2	f	-1
13	74	187	\N	9	f	0
17	74	187	\N	13	f	0
16	74	187	\N	10	f	0
18	74	187	\N	8	f	0
6	74	187	3	1	f	0
8	74	187	3	1	f	0
24	74	187	\N	1	f	-1
32	73	189	1	1	f	0
1	73	195	8	3	f	0
0	73	190	\N	11	f	0
15	73	191	\N	11	f	0
7	73	195	3	2	f	0
15	73	193	\N	14	f	0
16	73	193	\N	10	f	0
7	73	193	3	3	f	0
3	111	196	7	0	f	0
1	112	196	\N	1	f	-4
6	73	196	\N	1	t	-6
23	111	196	1	0	f	0
29	111	196	1	0	f	0
19	112	198	1	21	t	0
16	113	196	1	1	f	0
17	113	196	1	1	f	-1
18	113	196	1	1	f	0
13	113	196	1	1	f	0
24	75	199	\N	8	f	0
25	111	196	2	1	f	0
15	113	196	2	1	f	0
0	111	200	\N	0	f	-1
18	111	200	5	0	f	0
21	111	201	2	1	f	0
0	75	189	1	0	f	0
4	75	189	7	0	f	0
4	111	196	7	0	f	0
27	111	196	1	0	f	0
8	111	196	1	0	f	-6
32	73	170	\N	13	t	-1
12	73	170	\N	5	f	0
17	73	170	\N	5	f	0
9	73	170	\N	5	f	0
25	73	170	\N	5	f	-1
2	73	170	\N	5	f	1
20	73	170	\N	2	f	0
0	73	175	1	1	f	0
12	73	177	1	0	f	0
0	75	180	\N	0	f	0
2	75	197	\N	5	t	0
24	111	196	4	1	f	0
7	73	197	1	0	f	2
0	111	192	1	1	f	0
0	73	197	2	0	f	0
24	75	192	4	1	f	0
0	73	183	8	4	f	0
8	73	183	3	2	f	1
25	75	183	2	0	f	0
30	75	183	10	0	f	0
32	75	183	1	0	f	0
29	75	183	1	0	f	0
0	74	184	\N	0	f	0
30	75	192	10	1	f	0
1	112	192	7	1	f	0
23	73	182	3	1	f	0
0	75	182	1	0	f	0
13	73	192	5	0	f	0
8	73	195	3	2	f	0
6	73	195	3	1	f	0
6	73	186	3	2	f	0
0	73	186	3	2	f	-1
23	74	186	\N	8	f	0
32	74	186	\N	13	f	0
3	74	186	\N	7	f	0
28	74	186	\N	5	f	0
0	111	191	1	2	f	0
24	112	191	4	2	f	0
15	113	195	2	1	f	0
1	113	191	7	1	f	0
26	111	196	2	1	f	0
0	111	195	1	1	f	0
24	112	195	4	2	f	0
24	111	190	4	2	f	0
1	112	190	2	2	f	0
0	74	187	\N	24	f	0
19	74	187	\N	15	f	0
15	74	187	\N	12	f	-1
2	74	187	\N	9	f	0
5	74	187	\N	8	f	-1
12	74	187	\N	8	f	0
4	74	187	\N	7	f	-1
3	74	187	\N	5	f	-1
32	74	187	\N	3	f	-1
7	74	187	3	1	f	0
0	111	193	1	3	f	0
15	73	188	2	1	f	0
13	73	188	\N	0	f	0
15	113	190	2	1	f	0
24	113	193	4	2	f	0
2	73	195	1	0	f	0
1	112	193	7	1	f	0
12	73	193	\N	12	f	0
13	73	193	\N	11	f	0
20	73	193	\N	3	f	0
23	73	189	3	2	f	0
1	112	194	7	1	f	0
2	112	196	1	1	f	-2
15	113	194	2	1	f	0
0	111	194	1	1	f	0
15	112	198	2	22	t	0
1	75	197	\N	7	t	0
19	113	196	\N	1	f	0
12	113	196	\N	1	f	0
8	73	197	\N	7	t	0
22	111	200	2	2	f	0
6	73	197	\N	7	t	0
4	111	199	7	0	f	-6
0	73	196	2	2	f	0
20	73	196	1	1	f	0
7	73	196	\N	1	t	-2
5	111	196	7	0	f	0
32	111	196	1	0	f	0
7	111	200	3	2	f	0
4	111	200	8	4	f	0
9	111	201	2	2	f	-1
32	111	197	1	1	f	0
3	111	197	7	1	f	0
23	111	197	1	1	f	0
29	111	197	1	1	f	0
27	111	197	1	1	f	0
28	111	197	1	1	f	0
31	111	197	1	1	f	0
30	111	197	9	1	f	0
24	111	197	4	1	f	0
26	111	197	2	1	f	0
17	112	197	1	1	f	0
16	112	197	1	1	f	0
12	112	197	1	1	f	0
19	112	197	1	1	f	0
18	112	197	1	1	f	0
13	112	197	1	1	f	0
20	112	197	1	1	f	0
10	112	197	1	1	f	0
21	112	197	1	1	f	0
11	112	197	1	1	f	0
15	112	197	2	1	f	0
26	111	200	2	0	f	0
3	75	201	\N	12	f	-1
5	111	201	8	2	f	0
0	111	199	\N	0	f	-12
1	111	199	\N	0	f	-5
2	111	199	\N	0	f	-4
28	112	203	3	2	f	-2
23	73	198	\N	54	t	1
24	73	198	\N	45	f	0
28	112	198	1	49	t	0
12	112	198	\N	49	t	0
6	112	198	1	54	t	0
2	112	198	1	54	t	0
3	112	198	7	54	t	0
8	112	198	1	54	t	0
0	112	198	1	54	t	0
4	112	198	7	54	t	0
1	112	198	7	54	t	0
5	112	198	7	54	t	0
7	112	198	1	54	t	0
9	112	198	1	54	t	0
21	112	203	2	5	f	0
24	112	203	4	6	f	0
20	73	203	1	0	f	1
0	73	201	2	1	f	0
15	73	201	\N	13	f	-1
10	73	201	\N	13	f	0
32	75	201	\N	15	f	0
25	75	201	\N	16	f	0
31	75	201	\N	9	f	0
29	75	201	\N	9	f	0
14	75	201	\N	8	f	0
23	75	201	3	6	f	0
31	73	203	1	0	f	1
3	73	203	2	0	f	0
25	111	197	2	1	f	0
5	111	197	7	1	f	0
15	111	200	5	2	f	0
6	111	200	3	2	f	0
14	112	197	1	1	f	0
9	112	197	1	1	f	-2
17	111	200	5	2	f	0
19	111	201	2	2	f	0
14	111	200	3	7	f	0
1	111	201	8	4	f	0
8	111	201	3	3	f	0
5	111	200	8	4	f	0
28	111	200	3	3	f	0
7	111	201	3	3	f	0
17	111	201	5	3	f	0
12	111	200	5	1	f	0
21	111	200	2	1	f	0
25	111	200	2	0	f	0
9	111	200	2	0	f	0
24	111	200	4	0	f	0
1	111	200	8	0	f	0
23	111	200	3	0	f	0
29	111	200	1	0	f	0
27	111	200	1	0	f	0
16	111	201	5	1	f	0
18	111	201	5	1	f	0
22	111	201	\N	1	f	-1
27	113	204	1	0	f	0
14	112	203	3	12	f	0
0	112	204	8	2	f	0
4	112	204	8	2	f	0
29	113	204	1	0	f	0
6	113	202	3	2	f	-5
0	113	202	8	1	f	-4
7	73	204	1	1	f	0
9	73	204	2	1	f	0
23	112	202	3	5	f	0
28	112	202	3	5	f	0
3	112	202	8	3	f	-8
29	112	202	1	1	f	0
30	112	202	10	1	f	0
24	112	202	4	1	f	0
24	113	204	4	0	f	0
13	111	202	5	2	f	0
20	111	202	3	5	f	-2
8	111	202	3	3	f	-12
16	111	202	5	3	f	0
13	73	204	\N	1	f	0
2	111	202	1	1	f	-8
19	111	202	2	1	f	0
13	113	203	5	1	f	0
25	113	204	2	0	f	0
32	73	203	\N	17	f	2
10	113	203	5	2	f	0
15	113	203	5	1	f	0
17	113	203	5	1	f	0
18	113	203	5	1	f	0
12	113	203	5	1	f	0
1	113	204	\N	0	f	-5
18	73	204	\N	1	f	0
16	73	204	\N	9	f	0
23	113	204	3	1	f	0
23	73	205	\N	1	f	0
24	73	205	4	2	f	0
0	111	206	1	1	f	0
30	113	204	10	1	f	0
5	113	204	8	1	f	0
0	73	203	\N	38	f	-1
10	73	204	\N	4	f	0
8	73	203	\N	38	f	0
6	73	203	\N	38	f	0
23	73	203	\N	44	t	2
21	111	202	2	1	f	0
7	111	202	3	3	f	-12
4	111	202	8	3	f	-5
17	111	202	5	2	f	0
18	111	202	5	2	f	0
15	73	199	\N	8	f	0
1	73	203	2	0	f	0
4	73	203	2	0	f	-1
32	113	204	1	0	f	0
31	113	204	\N	0	f	0
2	113	204	\N	0	f	-7
24	73	206	\N	0	f	0
11	73	201	\N	13	f	0
12	73	201	5	2	f	0
30	75	201	\N	9	f	0
27	75	201	\N	16	f	0
26	75	201	\N	18	f	0
28	75	201	3	2	f	0
24	75	201	\N	2	f	0
3	111	200	8	4	f	0
20	111	200	3	3	f	0
16	111	200	5	2	f	0
8	111	200	3	2	f	0
10	111	200	5	2	f	0
31	111	200	3	1	f	0
19	111	200	2	1	f	0
13	111	200	5	1	f	0
6	111	201	3	3	f	0
30	111	200	10	0	f	0
2	111	200	1	0	f	0
32	111	200	1	0	f	0
11	111	200	\N	0	f	0
4	111	201	8	2	f	0
20	111	201	3	1	f	0
2	111	201	1	1	f	0
13	73	201	5	0	f	0
2	73	203	\N	1	f	0
5	73	203	\N	38	f	0
7	73	203	\N	38	f	0
9	73	203	\N	24	f	0
11	113	203	5	2	f	0
15	73	202	2	1	f	0
16	113	203	5	5	f	0
0	75	205	3	1	f	0
30	112	203	10	2	f	0
27	112	203	1	3	f	2
22	112	203	2	5	f	0
29	112	203	1	5	f	0
25	112	203	2	6	f	0
3	113	204	8	1	f	0
31	112	202	3	2	f	0
25	112	202	2	1	f	0
26	112	202	2	1	f	0
28	113	204	3	1	f	0
27	112	202	1	1	f	0
32	112	202	1	1	f	-10
1	112	202	8	1	f	-9
14	112	202	3	1	f	0
26	113	204	2	1	f	0
32	112	198	1	54	t	0
29	112	198	1	50	t	0
30	112	198	10	2	f	0
10	112	198	1	50	t	0
26	112	203	2	6	f	0
19	112	203	2	1	f	-7
11	112	198	1	50	t	0
13	112	198	1	47	t	0
31	112	198	\N	47	t	0
16	112	198	1	21	t	0
17	112	198	1	21	t	0
18	112	198	1	21	t	0
11	73	204	\N	5	f	0
12	73	204	\N	3	f	0
15	73	204	\N	3	f	0
8	73	204	1	1	f	0
21	73	204	2	1	f	0
17	73	204	\N	1	f	0
19	73	204	2	1	f	0
0	111	210	1	0	f	0
24	112	211	\N	0	f	0
1	113	211	\N	0	f	0
15	73	211	\N	0	f	0
0	111	211	1	0	f	0
24	73	212	\N	0	f	0
0	111	212	1	0	f	0
24	73	213	\N	0	f	0
0	111	213	1	0	f	0
0	111	214	1	0	f	0
24	111	207	4	2	f	0
2	111	215	1	0	f	0
5	111	215	8	0	f	0
9	111	215	2	0	f	0
2	73	207	\N	9	f	0
4	73	207	\N	11	f	0
1	73	207	8	1	f	0
0	73	207	3	1	f	0
32	73	207	1	1	f	0
1	111	208	\N	0	f	0
15	113	208	\N	0	f	0
24	73	208	\N	0	f	0
0	112	208	1	0	f	0
24	112	209	\N	0	f	0
1	113	209	\N	0	f	0
15	73	209	\N	0	f	0
0	111	209	1	0	f	0
24	112	210	\N	0	f	0
1	113	210	\N	0	f	0
15	73	210	\N	0	f	0
24	73	215	4	1	f	0
3	111	215	8	0	f	0
6	111	215	3	0	f	0
29	73	215	1	1	f	0
32	73	215	1	1	f	0
23	73	214	\N	6	f	0
24	73	214	4	2	f	0
32	73	214	\N	1	f	0
30	73	215	10	2	f	0
0	111	215	8	0	f	0
4	111	215	8	0	f	0
1	111	215	8	0	f	0
8	111	215	\N	0	f	0
7	111	215	\N	0	f	0
4	111	216	7	0	f	0
0	111	216	1	0	f	0
1	111	216	7	0	f	0
29	73	216	1	1	f	0
2	111	216	1	0	f	0
32	73	216	1	1	f	0
30	73	216	10	1	f	0
24	73	216	4	2	f	0
0	111	226	\N	0	f	0
24	112	226	\N	0	f	0
0	111	224	1	1	f	0
4	111	224	7	1	f	0
1	113	226	\N	0	f	0
28	73	216	1	1	f	0
23	73	216	1	1	f	0
5	111	216	7	0	f	0
3	111	216	7	0	f	0
9	111	216	\N	0	f	0
24	73	217	\N	0	f	0
0	111	217	1	1	f	0
15	114	226	\N	0	f	0
23	113	224	1	1	f	0
32	113	224	1	1	f	0
24	73	218	4	1	f	0
1	73	218	2	1	f	-1
26	73	218	\N	8	f	0
29	73	218	\N	11	f	0
25	73	218	\N	10	f	0
27	73	218	\N	7	f	0
14	73	218	\N	6	f	0
22	73	218	\N	6	f	0
32	73	218	\N	6	f	0
23	73	218	3	5	f	0
28	73	218	3	3	f	0
25	113	224	2	1	f	0
27	113	224	\N	1	f	0
26	113	224	2	2	f	0
9	111	218	2	2	f	0
0	111	218	8	7	f	0
4	111	218	8	7	f	0
5	111	218	8	7	f	0
20	111	218	3	4	f	0
8	111	218	3	3	f	0
7	111	218	3	3	f	0
6	111	218	3	3	f	0
2	111	218	1	1	f	0
19	111	218	2	1	f	0
3	73	218	2	0	f	0
30	73	218	10	0	f	0
15	73	219	\N	0	f	0
0	111	219	1	1	f	0
24	113	224	4	2	f	0
24	112	219	4	1	f	0
1	113	219	7	1	f	0
5	113	219	\N	1	f	0
1	113	220	\N	0	f	0
15	73	220	\N	0	f	0
0	111	220	1	1	f	0
24	112	220	4	0	f	0
1	113	221	\N	0	f	0
15	73	221	\N	0	f	0
1	112	224	7	1	f	0
0	111	221	1	1	f	0
24	112	221	4	0	f	0
1	113	222	\N	0	f	0
15	73	222	\N	0	f	0
17	73	224	5	0	f	0
0	111	222	1	1	f	0
24	112	222	4	0	f	0
18	73	224	5	0	f	0
7	73	224	1	0	f	0
8	73	224	1	0	f	0
6	73	224	1	0	f	0
20	73	224	3	0	f	0
1	113	227	\N	0	f	0
1	113	223	\N	0	f	0
15	73	223	\N	0	f	0
15	73	227	\N	0	f	0
0	111	223	1	1	f	0
0	111	227	1	1	f	0
24	112	223	4	0	f	0
24	112	227	4	0	f	0
15	73	225	\N	2	f	0
19	73	224	\N	2	f	0
0	111	225	1	1	f	0
24	112	225	4	1	f	0
23	112	225	1	1	f	0
12	73	224	\N	3	f	0
16	73	224	5	1	f	0
15	73	224	5	1	f	0
13	73	224	5	1	f	0
11	73	224	4	1	f	0
10	73	224	4	1	f	0
1	113	225	7	1	f	0
15	73	228	\N	58	t	0
13	73	228	2	5	f	1
32	113	228	1	21	f	-4
27	113	228	1	21	f	-1
29	113	228	1	21	f	-1
2	113	228	1	21	f	-8
24	113	228	4	21	f	-3
26	113	228	2	21	f	-1
31	113	228	3	21	f	-3
5	113	228	8	21	f	-4
30	113	228	10	22	f	-1
25	113	228	2	22	f	-1
9	113	228	2	22	f	0
22	113	228	2	22	f	-1
10	113	228	5	22	f	0
11	113	228	5	22	f	0
28	113	228	3	23	f	-1
3	113	228	8	23	f	-3
24	73	229	\N	10	f	0
0	111	229	8	2	f	0
2	111	229	1	1	f	0
8	111	229	3	1	f	0
24	111	230	\N	0	f	0
1	112	230	\N	0	f	0
15	74	230	\N	0	f	0
0	73	230	\N	0	f	0
1	113	228	8	22	f	-6
8	113	228	3	22	f	0
7	113	228	3	22	f	0
6	113	228	3	22	f	-2
12	113	228	5	22	f	0
17	113	228	5	22	f	0
19	113	228	2	22	f	0
0	113	228	8	27	f	-1
23	113	228	3	26	f	-1
20	113	228	3	24	f	0
16	113	228	5	24	f	0
14	113	228	3	24	f	-1
4	113	228	8	24	f	-9
18	113	228	5	23	f	0
21	113	228	2	21	f	0
\.


--
-- Data for Name: chest; Type: TABLE DATA; Schema: public; Owner: wof
--

COPY chest ("chestId", "playerId", "artefactId", quantity) FROM stdin;
\.


--
-- Data for Name: game; Type: TABLE DATA; Schema: public; Owner: wof
--

COPY game ("gameId", "isActive", "isOpen", "numberOfPlayers", "gameMasterId", "turnPlayerId", begin, "turnNumber", channel) FROM stdin;
148	t	f	2	74	73	2011-08-21 14:56:49.272682	1	7
162	f	f	2	73	73	2011-08-24 22:35:40.372449	61	21
168	t	f	2	74	75	2011-09-04 00:38:48.90593	21	25
147	t	f	2	74	75	2011-08-21 14:56:01.276548	1	6
193	t	f	4	73	111	2011-10-14 00:54:54.027201	15	40
164	f	f	2	73	73	2011-08-31 00:08:08.939294	18	23
143	f	f	2	73	73	2011-08-20 22:47:29.619995	12	5
154	t	f	2	75	75	2011-08-22 03:42:37.4167	2	13
144	f	f	2	73	74	2011-08-21 00:58:48.64231	1	5
173	t	f	4	73	101	2011-09-14 19:39:52.778685	1	19
200	t	f	2	73	111	2011-10-26 15:12:53.546539	42	47
155	t	f	3	73	73	2011-08-22 03:45:49.970275	2	14
174	t	f	4	73	104	2011-09-14 20:04:32.565188	1	20
175	t	f	4	73	107	2011-09-14 20:24:05.234758	1	21
176	t	t	2	73	\N	2011-09-17 10:46:58.248712	1	22
145	f	f	2	73	74	2011-08-21 01:08:09.452025	8	5
146	t	f	2	74	74	2011-08-21 01:28:11.137156	1	5
167	t	f	2	74	75	2011-09-02 01:57:11.923004	9	24
142	t	f	2	74	74	2011-08-20 12:06:23.613146	19	4
182	t	f	2	75	75	2011-09-17 18:26:29.990712	11	32
156	t	f	2	75	73	2011-08-22 03:51:45.305131	5	15
188	t	f	4	73	73	2011-09-20 22:45:05.463133	3	35
153	t	f	2	73	73	2011-08-21 15:03:03.80722	4	12
157	t	f	2	74	74	2011-08-23 17:32:15.695273	1	16
205	t	f	2	73	75	2011-11-03 00:58:24.531971	3	52
194	t	f	4	73	73	2011-10-15 04:40:09.682092	3	41
159	t	f	2	75	75	2011-08-23 18:27:19.249799	1	18
186	f	f	3	74	73	2011-09-20 14:36:02.029129	22	35
152	t	f	2	73	73	2011-08-21 15:01:31.392031	1	11
151	t	f	2	75	73	2011-08-21 15:01:22.949786	1	10
150	t	f	2	75	73	2011-08-21 15:00:44.488264	1	9
192	t	f	4	73	73	2011-10-12 16:56:12.7553	7	39
149	t	f	2	74	73	2011-08-21 14:59:53.275613	1	8
189	t	f	2	73	75	2011-10-08 11:44:46.09496	4	36
169	t	f	2	73	75	2011-09-05 14:50:17.674055	12	23
177	t	f	2	73	73	2011-09-17 10:52:14.391528	8	26
204	t	f	4	73	113	2011-10-30 14:19:50.038653	11	51
199	t	f	4	73	111	2011-10-25 22:01:45.891036	9	46
178	t	f	2	73	\N	2011-09-17 18:12:09.918757	1	28
137	f	f	2	\N	\N	2011-08-18 19:06:47.932379	22	1
140	t	f	2	\N	\N	2011-08-19 00:51:03.312926	1	2
141	t	f	2	\N	73	2011-08-20 01:52:06.25912	4	3
139	t	f	2	\N	\N	2011-08-18 23:53:54.399316	3	1
138	t	f	2	\N	\N	2011-08-18 23:50:35.467007	1	1
183	t	f	2	75	75	2011-09-18 23:08:08.499204	9	33
179	t	f	2	74	73	2011-09-17 18:15:41.828426	1	29
196	t	f	4	73	111	2011-10-20 23:50:49.563055	24	43
180	t	f	2	73	75	2011-09-17 18:16:30.182619	1	30
191	t	f	4	73	73	2011-10-12 16:07:33.779461	13	38
184	f	f	3	74	74	2011-09-20 14:17:22.592822	1	34
181	t	f	2	73	73	2011-09-17 18:21:32.155756	1	31
185	t	f	2	73	73	2011-09-20 14:35:05.650494	1	34
166	f	f	2	75	74	2011-09-01 01:24:46.52896	26	24
165	f	f	2	74	75	2011-08-31 19:50:51.726787	16	24
170	f	f	2	73	73	2011-09-05 23:59:23.185338	68	26
171	t	f	4	74	77	2011-09-06 14:56:15.255184	14	27
163	f	f	2	75	75	2011-08-27 00:08:46.944242	20	22
198	t	f	2	73	73	2011-10-24 18:41:32.50596	65	45
197	t	f	4	73	73	2011-10-22 11:56:20.608715	28	44
158	f	f	2	75	73	2011-08-23 17:54:14.469355	2	17
160	f	f	2	73	73	2011-08-23 19:33:22.611657	17	19
190	t	f	4	73	73	2011-10-12 14:50:52.325262	13	37
161	f	f	2	73	73	2011-08-23 19:35:06.224503	14	20
172	t	f	4	73	\N	2011-09-14 00:07:18.593753	1	17
206	t	f	2	73	73	2011-11-03 19:18:04.493115	2	53
195	t	f	4	73	73	2011-10-16 15:48:30.603168	5	42
187	f	f	4	73	74	2011-09-20 18:39:56.169705	25	35
202	t	f	4	73	73	2011-10-28 22:27:51.994696	15	49
201	t	f	3	73	73	2011-10-28 14:43:42.037383	28	48
203	t	f	4	73	73	2011-10-29 16:44:16.649923	65	50
214	t	f	2	73	111	2011-11-10 22:33:15.909081	9	61
207	t	f	2	73	111	2011-11-03 20:38:57.833576	13	54
208	t	f	4	73	112	2011-11-10 19:13:43.995337	1	55
219	t	f	4	73	73	2011-11-12 14:59:12.54351	2	66
209	t	f	4	73	111	2011-11-10 22:13:21.684355	1	56
210	t	f	4	73	111	2011-11-10 22:17:40.506196	1	57
211	t	f	4	73	111	2011-11-10 22:19:55.379178	1	58
225	t	f	4	73	73	2011-11-12 18:30:48.594219	4	72
212	t	f	2	73	111	2011-11-10 22:26:19.67527	1	59
220	t	f	4	73	112	2011-11-12 15:44:53.763262	1	67
213	t	f	2	73	111	2011-11-10 22:29:43.274083	1	60
221	t	f	4	73	112	2011-11-12 15:49:35.246282	1	68
216	t	f	2	73	111	2011-11-11 15:17:39.291972	9	63
226	t	f	4	73	111	2011-11-12 19:47:52.231809	1	73
217	t	f	2	73	73	2011-11-11 16:31:19.597027	2	64
222	t	f	4	73	112	2011-11-12 16:00:16.213368	1	69
224	t	f	4	73	73	2011-11-12 16:22:00.24796	9	71
215	t	f	2	73	111	2011-11-11 12:04:32.606331	10	62
223	t	f	4	73	112	2011-11-12 16:12:28.662796	1	70
229	t	f	2	73	73	2011-12-04 10:12:58.361049	12	76
227	t	f	4	73	112	2011-11-12 19:48:12.122604	1	74
218	t	f	2	73	73	2011-11-11 16:33:47.609692	17	65
230	t	f	4	73	73	2012-02-01 12:12:11.632701	1	77
228	t	f	4	73	73	2011-11-12 20:33:18.277738	80	75
\.


--
-- Data for Name: hero; Type: TABLE DATA; Schema: public; Owner: wof
--

COPY hero ("heroId", "playerId", "numberOfMoves", "attackPoints", "defensePoints", experience, name) FROM stdin;
90	73	16	5	5	0	Jurej
92	75	16	5	5	0	Wspaniay
93	76	16	5	5	0	\N
94	77	16	5	5	0	\N
104	101	16	5	5	0	\N
105	102	16	5	5	0	\N
106	103	16	5	5	0	\N
107	104	16	5	5	0	\N
108	105	16	5	5	0	\N
109	106	16	5	5	0	\N
110	107	16	5	5	0	\N
111	108	16	5	5	0	\N
112	109	16	5	5	0	\N
113	110	16	5	5	0	\N
114	111	16	5	5	0	\N
115	112	16	5	5	0	\N
116	113	16	5	5	0	\N
91	74	16	5	5	0	\N
117	114	16	5	5	0	\N
\.


--
-- Data for Name: heroesingame; Type: TABLE DATA; Schema: public; Owner: wof
--

COPY heroesingame ("heroId", "gameId", "armyId", "movesLeft") FROM stdin;
92	197	\N	16
91	166	\N	0
91	167	\N	16
91	165	\N	0
91	168	\N	0
91	171	\N	0
91	177	\N	6
91	179	\N	16
91	181	\N	16
91	184	\N	16
91	186	\N	16
92	192	\N	0
92	189	\N	2
92	169	\N	16
92	166	\N	16
92	167	\N	0
92	165	\N	16
92	168	\N	16
92	164	\N	0
92	171	\N	6
92	163	\N	0
92	170	\N	16
92	180	\N	16
92	183	\N	16
92	182	\N	16
114	229	\N	16
114	230	1	16
115	230	2	16
90	230	4	16
116	228	313	0
115	202	\N	16
115	204	\N	16
115	199	\N	0
90	215	\N	1
90	198	\N	16
90	203	\N	16
90	202	\N	16
90	201	\N	16
90	195	\N	16
90	193	\N	16
90	192	\N	16
90	191	\N	16
90	189	\N	0
90	187	\N	10
90	181	\N	0
90	171	\N	4
90	164	\N	0
90	169	\N	2
90	170	\N	11
90	172	\N	16
90	173	\N	16
90	174	\N	16
90	175	\N	0
90	177	\N	0
90	179	\N	16
115	225	\N	0
90	180	\N	16
90	183	\N	0
115	221	\N	16
115	192	\N	0
115	195	\N	-14
115	193	\N	-9
115	188	\N	16
115	191	\N	0
115	186	\N	16
115	187	\N	16
115	190	\N	16
115	194	\N	-9
115	196	\N	-9
115	197	\N	16
115	222	\N	16
115	203	\N	16
115	228	\N	16
116	225	\N	0
116	222	\N	16
116	224	\N	0
116	195	\N	-4
90	216	\N	16
116	193	\N	-9
116	191	\N	0
116	190	\N	16
116	194	\N	-15
116	196	\N	-6
116	202	\N	16
116	223	\N	16
116	208	\N	16
116	209	\N	16
116	210	\N	16
116	211	\N	16
116	219	\N	-9
116	220	\N	16
116	221	\N	16
115	223	\N	7
114	228	\N	16
114	224	\N	16
114	221	\N	0
114	222	\N	0
114	223	\N	0
114	215	\N	0
114	206	\N	0
114	202	\N	16
114	199	\N	10
114	187	\N	16
114	185	\N	16
114	192	\N	0
114	195	\N	-9
114	188	\N	16
115	224	\N	0
114	193	\N	16
115	209	\N	16
115	210	\N	16
115	211	\N	16
115	219	\N	0
115	220	\N	16
114	191	\N	0
114	190	\N	16
114	194	\N	-15
114	196	\N	0
114	197	\N	16
114	200	\N	16
114	201	\N	16
90	184	\N	16
90	182	\N	0
90	185	\N	16
90	199	\N	16
90	186	\N	16
90	188	\N	8
90	190	\N	16
90	194	\N	16
90	196	\N	16
90	197	\N	16
90	200	\N	16
90	205	\N	0
90	204	\N	16
90	206	\N	7
90	207	\N	16
90	208	\N	16
90	209	\N	16
90	210	\N	16
90	211	\N	16
90	212	\N	16
90	213	\N	16
90	214	\N	0
90	217	2	16
90	218	77	16
90	219	4	16
90	220	4	16
90	221	4	16
90	222	4	16
90	223	4	16
115	226	\N	16
115	227	\N	0
90	228	183	16
90	224	4	16
114	204	\N	0
114	203	\N	16
90	225	4	16
117	226	4	16
90	227	4	16
114	208	\N	16
114	209	\N	2
114	210	\N	2
114	211	\N	2
114	216	\N	0
114	212	\N	2
114	213	\N	2
116	226	\N	16
116	227	\N	16
114	214	\N	16
114	219	\N	0
114	220	\N	0
114	225	\N	16
114	217	\N	0
114	218	\N	0
114	226	\N	16
114	227	\N	0
90	229	2	16
91	230	3	16
\.


--
-- Data for Name: inventory; Type: TABLE DATA; Schema: public; Owner: wof
--

COPY inventory ("heroId", "artefactId", "gameId", quantity) FROM stdin;
91	10	187	1
90	6	187	1
91	31	187	1
91	15	187	1
90	21	187	1
90	7	187	1
91	30	187	1
90	27	187	1
91	24	188	1
90	26	189	1
92	11	192	1
90	23	192	1
90	26	192	1
92	24	192	1
90	22	205	1
115	31	228	1
\.


--
-- Data for Name: log; Type: TABLE DATA; Schema: public; Owner: wof
--

COPY log ("logId", "playerId", date, request) FROM stdin;
\.


--
-- Data for Name: map; Type: TABLE DATA; Schema: public; Owner: wof
--

COPY map ("mapId", "playerId", name, "mapWidth", "mapHeight") FROM stdin;
1	74	Testowa	50	100
2	74	TwoForTwo	50	50
3	74	Duza	218	138
4	74	Board	109	69
5	73	AAA	50	50
\.


--
-- Data for Name: player; Type: TABLE DATA; Schema: public; Owner: wof
--

COPY player ("fbId", "playerId", activity, login, password, "isLogged", "firstName", "lastName", locale, computer) FROM stdin;
\N	76	2011-09-02 15:53:23.264432	zeta	a366e6c3178e26cfdacdd74c47c9f3b6	f	zosia	samosia	\N	f
\N	77	2011-09-07 13:22:29.791145	zosia	a366e6c3178e26cfdacdd74c47c9f3b6	f	zosia	k	\N	f
\N	104	2011-09-14 20:19:31.010859	\N	\N	f	Computer	Player	\N	t
\N	105	2011-09-14 20:19:31.76933	\N	\N	f	Computer	Player	\N	t
\N	106	2011-09-14 20:19:32.894798	\N	\N	f	Computer	Player	\N	t
\N	107	2011-09-14 20:24:08.960623	\N	\N	f	Computer	Player	\N	t
\N	108	2011-09-14 20:24:09.705627	\N	\N	f	Computer	Player	\N	t
\N	109	2011-09-14 20:24:10.455723	\N	\N	f	Computer	Player	\N	t
\N	111	2011-09-20 14:35:08.65994	\N	\N	f	Computer	Player	\N	t
\N	112	2011-09-20 14:36:20.390392	\N	\N	f	Computer	Player	\N	t
\N	113	2011-10-12 14:50:57.678747	\N	\N	f	Computer	Player	\N	t
\N	75	2011-11-03 01:47:45.398121	test	60474c9c10d7142b7508ce7a50acf414	f	test	test	\N	f
\N	101	2011-09-14 20:03:54.568096	\N	\N	f	Computer	Player	\N	t
\N	102	2011-09-14 20:04:00.13085	\N	\N	f	Computer	Player	\N	t
\N	103	2011-09-14 20:04:01.714013	\N	\N	f	Computer	Player	\N	t
\N	110	2011-09-20 14:31:36.874653	\N	\N	f	Computer	Player	\N	t
\N	114	2011-11-12 19:48:00.418115	\N	\N	f	Computer	Player	\N	t
\N	73	2012-02-01 12:12:03.320148	bk76	a366e6c3178e26cfdacdd74c47c9f3b6	f	Bartek	Krzeszewski	\N	f
\N	74	2012-02-01 12:12:42.744335	bogo	a366e6c3178e26cfdacdd74c47c9f3b6	f	Bogusz	Krzeszewski	\N	f
\.


--
-- Data for Name: playersingame; Type: TABLE DATA; Schema: public; Owner: wof
--

COPY playersingame ("gameId", "playerId", color, timeout, ready, "turnActive", gold, lost) FROM stdin;
184	74	white	2011-09-20 14:34:14.449331	t	t	20	f
184	73	green	2011-09-20 14:34:18.547875	t	f	0	f
192	112	green	2011-10-12 16:56:53.429698	t	f	138	f
185	111	yellow	2011-09-20 14:35:08.690372	t	f	0	f
186	74	yellow	2011-09-20 15:06:37.892629	t	f	1444	f
186	73	green	2011-09-20 15:06:38.604289	t	t	1543	f
192	73	red	2011-10-12 16:56:53.435967	t	t	256	f
185	73	white	2011-09-20 14:35:16.157309	t	t	20	f
197	73	white	2011-10-25 22:01:22.588574	t	t	401	f
199	112	green	2011-10-25 22:02:31.500085	t	f	125	f
180	73	yellow	2011-09-17 18:17:30.335757	t	f	0	f
182	73	yellow	2011-09-18 23:02:26.520182	t	f	2129	f
182	75	white	2011-09-18 23:02:28.406791	t	t	65	f
199	73	red	2011-10-25 22:02:31.503239	t	f	240	f
199	111	white	2011-10-25 22:02:31.500085	t	t	22	f
194	112	green	2011-10-15 04:40:25.372415	t	f	33	f
197	75	green	2011-10-23 19:06:54.766428	t	f	2010	t
183	73	white	2011-09-18 23:08:22.548134	t	f	136	f
183	75	yellow	2011-09-18 23:08:24.190985	t	t	330	f
194	113	red	2011-10-15 04:40:25.372415	t	f	30	f
181	74	yellow	2011-09-17 18:23:07.744588	t	f	0	f
181	73	white	2011-09-17 18:23:10.141202	t	t	20	f
197	111	yellow	2011-10-22 11:57:11.195254	t	f	25	f
189	73	yellow	2011-10-08 11:45:01.633195	t	f	70	f
189	75	white	2011-10-08 11:45:00.945728	t	t	56	f
194	111	white	2011-10-15 04:40:25.372415	t	f	36	f
194	73	yellow	2011-10-15 04:40:25.376765	t	t	40	f
191	111	white	2011-10-12 16:07:49.473258	t	f	-20	f
191	112	yellow	2011-10-12 16:07:49.473258	t	f	120	f
197	112	red	2011-10-22 11:57:11.195254	t	f	725	f
191	113	green	2011-10-12 16:07:49.473258	t	f	132	f
191	73	red	2011-10-13 15:11:38.822303	t	t	360	f
188	111	white	2011-09-20 22:49:14.279874	t	f	40	f
186	112	white	2011-09-20 15:06:37.888993	t	f	380	t
187	74	white	2011-09-20 18:53:29.006602	t	t	2928	f
187	73	yellow	2011-09-20 18:53:25.428489	t	f	1485	t
187	111	green	2011-09-20 18:53:25.424544	t	f	264	t
187	112	red	2011-09-20 18:53:25.424544	t	f	360	t
188	74	yellow	2011-09-20 22:49:14.990469	t	f	40	f
188	112	green	2011-09-20 22:49:14.279874	t	f	66	f
188	73	red	2011-09-20 22:49:14.284782	t	t	60	f
193	113	yellow	2011-10-14 00:55:04.722139	t	f	112	f
193	112	green	2011-10-14 00:55:04.722139	t	f	110	f
190	111	yellow	2011-10-12 14:51:02.898418	t	f	120	f
196	112	green	2011-10-20 23:51:05.215481	t	f	32	f
202	113	white	2011-10-28 22:28:17.655544	t	f	174	f
190	112	green	2011-10-12 14:51:02.898418	t	f	250	f
193	73	red	2011-10-14 15:48:45.321674	t	f	1123	f
193	111	white	2011-10-14 00:55:04.722139	t	t	-96	f
190	113	red	2011-10-12 14:51:02.898418	t	f	230	f
190	73	white	2011-10-12 14:51:02.905124	t	t	212	f
196	113	red	2011-10-20 23:51:05.215481	t	f	477	f
200	73	white	2011-11-02 19:56:41.995506	t	f	616	f
201	75	yellow	2011-10-28 14:44:16.888043	t	f	737	f
202	112	yellow	2011-10-28 22:28:17.655544	t	f	655	f
196	73	white	2011-10-21 15:56:34.897918	t	f	2760	f
192	111	white	2011-10-12 16:56:53.429698	t	f	60	f
196	111	yellow	2011-10-20 23:51:05.215481	t	t	530	f
195	113	red	2011-10-16 15:49:26.180656	t	f	86	f
192	75	yellow	2011-10-12 16:56:53.455168	t	f	55	f
195	111	white	2011-10-16 15:49:26.180656	t	f	48	f
201	111	green	2011-10-28 14:44:17.656155	t	f	2127	f
200	111	yellow	2011-10-26 15:13:09.099848	t	t	5210	f
195	112	yellow	2011-10-16 15:49:26.180656	t	f	72	f
195	73	green	2011-10-20 22:41:03.000722	t	t	256	f
201	73	white	2011-10-28 14:44:17.659816	t	t	1601	f
205	75	white	2011-11-03 00:58:52.034583	t	t	40	f
202	111	green	2011-10-28 22:28:17.655544	t	f	1017	f
202	73	red	2011-10-28 22:28:17.662121	t	t	372	f
204	111	green	2011-10-30 14:20:00.693862	t	f	138	t
199	75	yellow	2011-10-25 22:02:35.244959	t	f	160	f
206	111	white	2011-11-03 19:18:15.144179	t	f	20	f
206	73	yellow	2011-11-03 19:18:15.148519	t	t	20	f
203	113	red	2011-10-29 16:44:38.084197	t	f	4443	f
198	112	white	2011-10-24 18:41:53.057418	t	f	1644	f
198	73	yellow	2011-11-02 19:57:08.381299	t	t	434	f
204	112	white	2011-10-30 14:20:00.693862	t	f	46	f
204	113	yellow	2011-10-30 14:20:00.693862	t	t	660	f
203	112	yellow	2011-10-29 16:44:38.084197	t	f	15	f
205	73	yellow	2011-11-03 02:54:33.849645	t	f	20	f
203	111	white	2011-10-29 16:44:38.084197	t	f	20	t
204	73	red	2011-11-03 02:54:41.925423	t	f	990	f
203	73	green	2011-11-02 20:05:26.487839	t	t	247	f
209	73	red	2011-11-10 22:13:32.375643	t	f	0	f
210	73	red	2011-11-10 22:17:51.199828	t	f	0	f
209	111	white	2011-11-10 22:13:32.367444	t	t	20	f
211	111	white	2011-11-10 22:20:06.018756	t	t	20	f
208	113	red	2011-11-10 19:14:09.681038	t	f	0	f
208	111	green	2011-11-10 19:14:09.681038	t	f	0	f
208	73	yellow	2011-11-10 19:14:09.685859	t	f	0	f
208	112	white	2011-11-10 19:14:09.681038	t	t	20	f
210	111	white	2011-11-10 22:17:51.193908	t	t	20	f
207	111	yellow	2011-11-03 20:39:03.620212	t	t	120	f
207	73	white	2011-11-10 18:43:18.542522	t	f	527	f
211	112	yellow	2011-11-10 22:20:06.018756	t	f	0	f
211	113	green	2011-11-10 22:20:06.018756	t	f	0	f
211	73	red	2011-11-10 22:20:06.022904	t	f	0	f
209	113	green	2011-11-10 22:13:32.367444	t	f	0	f
212	111	white	2011-11-10 22:26:25.36492	t	t	20	f
209	112	yellow	2011-11-10 22:13:32.367444	t	f	0	f
210	112	yellow	2011-11-10 22:17:51.193908	t	f	0	f
210	113	green	2011-11-10 22:17:51.193908	t	f	0	f
213	111	white	2011-11-10 22:29:48.914286	t	t	20	f
212	73	yellow	2011-11-10 22:26:25.368676	t	f	0	f
214	111	white	2011-11-10 22:33:21.678201	t	t	36	f
213	73	yellow	2011-11-10 22:29:48.918587	t	f	0	f
214	73	yellow	2011-11-11 10:57:54.911145	t	f	240	f
215	111	white	2011-11-11 12:04:38.306799	t	t	156	f
215	73	yellow	2011-11-11 12:04:38.311865	t	f	106	f
216	73	yellow	2011-11-11 15:17:49.927055	t	f	157	f
216	111	white	2011-11-11 15:17:49.922863	t	t	277	f
217	111	white	2011-11-11 16:31:30.240409	t	f	20	f
217	73	yellow	2011-11-11 16:31:30.24502	t	t	20	f
218	73	yellow	2011-11-11 16:33:53.275186	t	t	1228	f
218	111	white	2011-11-11 16:33:53.270884	t	f	737	f
219	73	red	2011-11-12 14:59:23.007852	t	t	30	f
224	111	white	2011-11-12 16:22:10.806947	t	f	19	f
224	113	yellow	2011-11-12 16:22:10.806947	t	f	138	f
219	111	white	2011-11-12 14:59:23.003193	t	f	20	f
224	112	green	2011-11-12 16:22:10.806947	t	f	168	f
224	73	red	2011-11-12 16:22:10.812114	t	t	789	f
219	112	yellow	2011-11-12 14:59:23.003193	t	f	20	f
219	113	green	2011-11-12 14:59:23.003193	t	f	33	f
226	114	red	2011-11-12 19:48:02.806872	t	f	0	f
226	111	white	2011-11-12 19:48:02.806872	t	f	0	f
222	113	green	2011-11-12 16:00:26.904238	t	f	0	f
222	73	red	2011-11-12 16:00:26.910517	t	f	0	f
226	112	yellow	2011-11-12 19:48:02.806872	t	f	0	f
226	113	green	2011-11-12 19:48:02.806872	t	f	0	f
222	111	white	2011-11-12 16:00:26.904238	t	f	20	f
222	112	yellow	2011-11-12 16:00:26.904238	t	t	20	f
226	73	\N	2011-11-12 19:48:02.811294	f	f	0	f
230	74	red	2012-02-01 12:13:00.535723	t	f	0	f
220	113	green	2011-11-12 15:45:04.394274	t	f	0	f
220	73	red	2011-11-12 15:45:04.402026	t	f	0	f
230	111	yellow	2012-02-01 12:13:02.198435	t	f	0	f
230	112	green	2012-02-01 12:13:02.198435	t	f	0	f
220	111	white	2011-11-12 15:45:04.394274	t	f	20	f
220	112	yellow	2011-11-12 15:45:04.394274	t	t	20	f
230	73	white	2012-02-01 12:13:02.20197	t	f	0	f
228	112	yellow	2011-11-12 20:33:28.955277	t	f	-1470	t
228	113	green	2011-11-12 20:33:28.955277	t	f	-11346	f
228	73	red	2011-11-13 11:32:49.731947	t	t	-261	f
223	113	green	2011-11-12 16:12:39.310868	t	f	0	f
223	73	red	2011-11-12 16:12:39.318387	t	f	0	f
227	113	green	2011-11-12 19:48:17.895693	t	f	0	f
223	111	white	2011-11-12 16:12:39.310868	t	f	20	f
223	112	yellow	2011-11-12 16:12:39.310868	t	t	20	f
227	73	red	2011-11-12 19:48:17.89874	t	f	0	f
221	113	green	2011-11-12 15:49:45.863211	t	f	0	f
221	73	red	2011-11-12 15:49:45.866178	t	f	0	f
227	111	white	2011-11-12 19:48:17.895693	t	f	20	f
221	111	white	2011-11-12 15:49:45.863211	t	f	20	f
221	112	yellow	2011-11-12 15:49:45.863211	t	t	20	f
227	112	yellow	2011-11-12 19:48:17.895693	t	t	20	f
225	111	white	2011-11-12 18:30:59.189947	t	f	48	f
229	111	white	2011-12-04 10:13:09.036744	t	f	105	f
229	73	yellow	2011-12-04 10:13:09.044982	t	t	220	f
225	112	yellow	2011-11-12 18:30:59.189947	t	f	80	f
225	113	green	2011-11-12 18:30:59.189947	t	f	87	f
225	73	red	2011-11-12 18:30:59.194706	t	t	90	f
228	111	white	2011-11-12 20:33:28.955277	t	f	95	t
\.


--
-- Data for Name: production; Type: TABLE DATA; Schema: public; Owner: wof
--

COPY production ("castleId", "unitId", "numberOfTurns", "order") FROM stdin;
\.


--
-- Data for Name: ruin; Type: TABLE DATA; Schema: public; Owner: wof
--

COPY ruin ("ruinId", "gameId") FROM stdin;
1	127
10	127
6	121
10	121
12	121
13	121
14	121
15	121
16	121
17	121
9	121
7	121
8	121
1	121
0	121
2	121
3	121
10	129
12	129
13	129
8	129
14	129
15	129
16	129
17	129
11	129
4	129
8	137
4	137
10	137
3	137
2	137
5	137
10	139
12	139
8	139
13	139
8	141
8	142
4	142
3	142
2	142
8	143
10	143
12	143
13	143
17	143
8	144
8	145
10	145
8	146
8	153
10	153
8	147
8	154
6	155
8	155
8	156
10	156
4	156
12	156
8	158
8	161
10	161
12	161
13	161
14	161
4	161
15	161
3	161
2	161
8	162
10	162
12	162
9	162
4	162
13	162
3	162
14	162
2	162
15	162
5	162
17	162
7	162
16	162
11	162
8	163
10	163
4	163
12	163
13	163
14	163
15	163
3	163
2	163
16	163
17	163
8	160
4	160
3	160
2	160
9	160
8	164
10	164
12	164
6	166
3	166
4	166
2	166
5	166
0	166
1	166
11	166
6	167
10	167
4	167
2	167
0	167
1	167
6	168
3	168
4	168
2	168
8	168
5	168
12	168
13	168
14	168
6	169
10	169
8	169
6	170
10	170
3	170
4	170
12	170
8	170
6	171
10	171
17	171
15	171
14	171
13	171
12	171
8	171
1	171
2	171
0	171
9	171
1	170
0	170
2	170
11	170
5	170
14	170
15	170
16	170
7	170
17	170
6	177
10	177
12	177
13	177
6	182
10	182
3	182
4	182
2	182
6	183
8	183
4	183
3	183
6	186
8	186
9	186
3	186
4	186
2	186
5	186
6	187
8	187
17	187
1	187
15	187
0	187
14	187
13	187
12	187
2	187
3	187
10	187
4	187
6	188
6	189
6	192
17	192
15	192
3	192
6	205
6	214
3	215
4	215
6	216
6	218
8	218
6	224
17	224
15	224
14	224
6	225
6	227
6	228
8	228
2	228
12	228
3	228
4	228
13	228
17	228
14	228
7	228
9	228
\.


--
-- Data for Name: soldier; Type: TABLE DATA; Schema: public; Owner: wof
--

COPY soldier ("soldierId", "armyId", "unitId", experience, "gameId", "movesLeft") FROM stdin;
5276	38	8	0	207	16
5277	24	3	0	207	16
5278	29	1	0	207	10
5288	15	1	0	214	10
5311	27	12	0	215	1
5318	7	1	0	215	0
5317	33	4	0	215	1
5303	19	7	0	215	12
5306	22	1	0	215	10
5307	23	7	0	215	12
5345	12	1	0	216	10
5309	35	1	0	215	10
5308	35	7	0	215	12
5301	17	1	0	215	0
5422	3	11	0	219	43
5346	32	10	0	216	4
5344	30	1	0	216	0
5332	25	7	0	216	0
5333	26	1	0	216	0
5440	2	7	0	224	0
5465	2	7	0	224	0
5433	38	5	0	224	14
5335	28	1	0	216	10
5334	28	7	0	216	0
5449	20	1	0	224	0
5450	21	7	0	224	0
5404	78	2	0	218	0
5414	93	2	0	218	0
5391	33	1	0	218	0
5396	33	1	0	218	0
5403	33	1	0	218	0
5415	33	1	0	218	0
5381	62	1	0	218	10
5382	40	1	0	218	10
5379	2	2	0	218	8
5380	37	10	0	218	18
5733	313	1	0	228	0
5739	313	2	0	228	0
5845	313	5	0	228	0
5725	313	2	0	228	0
5854	313	3	0	228	0
5874	313	2	0	228	0
5867	313	1	0	228	0
5846	313	1	0	228	0
5847	313	1	0	228	0
5868	313	1	0	228	0
5798	313	2	0	228	0
5783	313	1	0	228	0
5840	313	2	0	228	0
5795	313	1	0	228	0
5882	313	5	0	228	0
5792	313	2	0	228	0
5856	313	2	0	228	0
5883	313	2	0	228	0
5787	313	2	0	228	0
5852	313	3	0	228	0
5726	183	2	0	228	8
5750	183	2	0	228	8
5769	183	2	0	228	8
5793	183	2	0	228	8
5815	183	2	0	228	8
5835	183	2	0	228	8
5857	183	2	0	228	8
5893	183	2	0	228	8
5894	183	2	0	228	8
5895	183	2	0	228	8
5900	183	2	0	228	8
5589	183	14	0	228	14
5338	12	1	0	216	10
5305	20	4	0	215	10
5310	7	1	0	215	0
5312	28	1	0	215	10
5313	29	7	0	215	12
5314	30	7	0	215	12
5319	35	1	0	215	0
5315	35	1	0	215	10
5323	7	4	0	216	0
5451	39	1	0	224	0
5337	23	4	0	216	0
5453	40	4	0	224	0
5347	33	7	0	216	0
5348	34	1	0	216	0
5434	37	11	0	224	52
5349	35	7	0	216	0
5442	27	5	0	224	14
5350	28	1	0	216	0
5351	37	7	0	216	0
5352	38	7	0	216	0
5466	52	5	0	224	14
5467	53	5	0	224	14
5468	41	1	0	224	10
5469	55	1	0	224	10
5470	59	1	0	224	10
5441	26	5	0	224	10
5884	183	2	0	228	8
5386	33	1	0	218	0
5374	14	1	0	218	10
5373	26	4	0	218	10
5392	2	2	0	218	8
5393	37	10	0	218	18
5394	58	1	0	218	10
5395	59	1	0	218	10
5397	66	3	0	218	16
5398	68	4	0	218	10
5643	183	2	0	228	8
5405	80	3	0	218	16
5406	68	4	0	218	10
5407	22	2	0	218	8
5416	68	4	0	218	10
5417	22	2	0	218	8
5452	30	1	0	224	0
5656	183	2	0	228	8
5662	183	2	0	228	8
5666	183	2	0	228	8
5875	313	5	0	228	0
5876	313	5	0	228	0
5841	313	2	0	228	0
5762	313	10	0	228	0
5774	313	4	0	228	0
5802	313	1	0	228	0
5808	313	2	0	228	0
5858	313	1	0	228	0
5839	313	4	0	228	0
5796	313	1	0	228	0
5838	313	1	0	228	0
5837	313	1	0	228	0
5850	313	2	0	228	0
5872	313	2	0	228	0
5686	313	5	0	228	0
5687	313	5	0	228	0
5704	313	2	0	228	0
5844	313	5	0	228	0
5683	313	1	0	228	0
5658	313	2	0	228	0
5742	313	5	0	228	0
5741	313	5	0	228	0
5799	313	3	0	228	0
5664	313	2	0	228	0
5855	313	8	0	228	0
5851	313	2	0	228	0
5873	313	2	0	228	0
5788	313	8	0	228	0
5740	313	2	0	228	0
5785	313	10	0	228	0
5657	313	2	0	228	0
5719	313	1	0	228	0
5880	313	3	0	228	0
5878	313	3	0	228	0
5879	313	3	0	228	0
5737	313	10	0	228	0
5676	313	3	0	228	0
5702	313	1	0	228	0
5853	313	5	0	228	0
5291	6	1	0	215	10
5454	2	7	0	224	0
5339	25	7	0	216	0
5340	26	1	0	216	0
5471	2	11	0	225	0
5342	28	1	0	216	10
5341	28	7	0	216	0
5419	99	2	0	218	0
5378	33	1	0	218	0
5400	33	1	0	218	0
5411	33	1	0	218	0
5424	5	1	0	224	0
5435	20	1	0	224	0
5418	33	1	0	218	0
5355	13	4	0	218	10
5356	7	1	0	218	10
5390	50	4	0	218	10
5389	40	1	0	218	10
5388	26	1	0	218	10
5443	20	1	0	224	0
5436	21	7	0	224	0
5444	21	7	0	224	0
5834	313	2	0	228	0
5843	313	5	0	228	0
5842	313	5	0	228	0
5881	313	5	0	228	0
5870	313	1	0	228	0
5877	313	8	0	228	0
5756	313	2	0	228	0
5738	313	2	0	228	0
5757	313	3	0	228	0
5797	313	4	0	228	0
5712	313	1	0	228	0
5760	313	1	0	228	0
5816	313	1	0	228	0
5822	313	1	0	228	0
5682	313	8	0	228	0
5691	313	1	0	228	0
5747	313	8	0	228	0
5721	313	1	0	228	0
5848	313	1	0	228	0
5786	313	2	0	228	0
5871	313	10	0	228	0
5869	313	1	0	228	0
5897	183	2	0	228	8
5898	183	2	0	228	8
5620	183	2	0	228	8
5292	21	4	0	215	0
5281	4	4	0	214	10
5445	29	1	0	224	0
5325	10	7	0	216	12
5326	11	1	0	216	10
5438	29	1	0	224	0
5439	24	1	0	224	0
5401	2	2	0	218	8
5402	37	10	0	218	18
5412	2	2	0	218	8
5413	37	10	0	218	18
5420	2	2	0	218	8
5421	37	10	0	218	18
5437	22	4	0	224	0
5455	41	1	0	224	10
5457	43	5	0	224	14
5458	44	5	0	224	14
5459	46	5	0	224	14
5472	5	1	0	225	0
5456	7	1	0	224	0
5446	30	1	0	224	0
5904	4	1	0	229	0
5778	313	5	0	228	0
5807	313	2	0	228	0
5821	313	8	0	228	0
5764	313	2	0	228	0
5827	313	2	0	228	0
5813	313	5	0	228	0
5866	313	5	0	228	0
5717	313	5	0	228	0
5718	313	5	0	228	0
5810	313	5	0	228	0
5809	313	5	0	228	0
5763	313	2	0	228	0
5775	313	2	0	228	0
5672	313	1	0	228	0
5716	313	2	0	228	0
5765	313	3	0	228	0
5755	313	4	0	228	0
5794	313	1	0	228	0
5836	313	1	0	228	0
5861	313	1	0	228	0
5777	313	5	0	228	0
5896	183	2	0	228	8
5282	5	1	0	214	10
5327	12	4	0	216	10
5293	8	1	0	215	10
5447	2	7	0	224	0
5460	49	12	0	224	16
5358	7	1	0	218	10
5359	10	1	0	218	10
5473	3	7	0	225	0
5426	7	1	0	224	0
5748	313	3	0	228	0
5706	313	3	0	228	0
5707	313	3	0	228	0
5781	313	5	0	228	0
5860	313	1	0	228	0
5784	313	1	0	228	0
5818	313	1	0	228	0
5824	313	1	0	228	0
5825	313	10	0	228	0
5804	313	1	0	228	0
5805	313	10	0	228	0
5887	313	1	0	228	0
5891	313	3	0	228	0
5814	313	2	0	228	0
5800	313	5	0	228	0
5801	313	5	0	228	0
5829	313	5	0	228	0
5714	313	1	0	228	0
5789	313	3	0	228	0
5767	313	5	0	228	0
5754	313	1	0	228	0
5782	313	1	0	228	0
5675	313	3	0	228	0
5677	313	3	0	228	0
5705	313	3	0	228	0
5674	313	2	0	228	0
5727	313	1	0	228	0
5745	313	3	0	228	0
5746	313	8	0	228	0
5751	313	1	0	228	0
5743	313	3	0	228	0
5744	313	3	0	228	0
5899	183	2	0	228	8
5905	5	1	0	229	0
5283	8	1	0	214	10
5428	9	4	0	224	0
5294	12	1	0	215	0
5328	13	7	0	216	12
5329	14	1	0	216	10
5461	20	1	0	224	0
5462	21	7	0	224	0
5474	6	1	0	225	0
5906	5	1	0	229	0
5688	313	2	0	228	0
5776	313	2	0	228	0
5768	313	2	0	228	0
5679	313	1	0	228	0
5812	313	8	0	228	0
5888	313	1	0	228	0
5892	313	8	0	228	0
5885	313	1	0	228	0
5849	313	10	0	228	0
5830	313	3	0	228	0
5862	313	4	0	228	0
5828	313	3	0	228	0
5865	313	8	0	228	0
5819	313	4	0	228	0
5889	313	4	0	228	0
5803	313	1	0	228	0
5811	313	3	0	228	0
5859	313	1	0	228	0
5864	313	3	0	228	0
5820	313	2	0	228	0
5863	313	2	0	228	0
5890	313	2	0	228	0
5886	313	1	0	228	0
5826	313	2	0	228	0
5806	313	2	0	228	0
5817	313	1	0	228	0
5823	313	1	0	228	0
5284	9	4	0	214	10
5297	21	4	0	215	0
5463	50	1	0	224	0
5362	13	4	0	218	10
5364	10	1	0	218	10
5363	14	1	0	218	10
5464	30	1	0	224	0
5429	2	7	0	224	0
5476	2	1	0	225	0
5475	7	4	0	225	0
5832	313	3	0	228	0
5684	313	2	0	228	0
5736	313	1	0	228	0
5710	313	2	0	228	0
5735	313	1	0	228	0
5700	313	1	0	228	0
5729	313	1	0	228	0
5753	313	1	0	228	0
5772	313	1	0	228	0
5693	313	2	0	228	0
5708	313	3	0	228	0
5773	313	1	0	228	0
5831	313	3	0	228	0
5791	313	3	0	228	0
5833	313	3	0	228	0
5670	313	5	0	228	0
5685	313	2	0	228	0
5669	313	5	0	228	0
5790	313	3	0	228	0
5907	5	1	0	229	0
5285	11	1	0	214	10
5477	3	7	0	225	0
5298	12	1	0	215	0
5430	5	1	0	224	10
5908	7	1	0	229	0
5286	13	1	0	214	10
5431	14	1	0	224	0
5369	14	1	0	218	10
5368	2	2	0	218	8
5478	2	11	0	227	0
5909	8	1	0	229	0
5271	29	1	0	207	10
5269	24	3	0	207	16
5272	29	1	0	207	10
5274	29	1	0	207	10
5287	9	4	0	214	10
5432	2	7	0	224	0
5910	10	1	0	229	0
\.


--
-- Data for Name: tower; Type: TABLE DATA; Schema: public; Owner: wof
--

COPY tower ("towerId", "gameId", "playerId") FROM stdin;
17	162	75
29	162	73
14	162	73
18	162	73
7	162	73
28	160	73
14	160	75
23	160	73
18	160	73
21	160	75
26	160	75
29	160	73
10	160	73
0	162	73
28	164	73
23	164	73
22	164	73
19	164	73
15	164	73
14	164	75
13	164	73
18	164	75
29	164	75
29	165	75
28	165	75
29	166	75
28	166	75
24	166	75
17	166	74
6	166	74
20	166	74
26	166	74
21	166	74
16	166	74
23	166	74
13	166	74
19	166	74
15	166	74
10	166	74
11	166	74
9	166	74
27	166	74
14	166	74
18	166	74
3	166	74
4	166	74
29	167	74
28	167	74
23	167	74
16	167	75
17	167	75
21	167	75
26	167	75
18	167	74
6	167	75
14	167	74
27	167	75
24	167	75
15	163	75
18	171	77
6	171	74
18	168	74
13	163	75
14	168	74
15	171	73
13	171	73
14	171	77
23	169	73
24	169	73
26	170	73
4	163	75
5	163	75
1	163	75
23	168	74
16	168	75
29	169	73
28	169	73
17	168	75
28	170	73
29	163	75
6	169	73
29	168	74
9	171	73
28	168	74
20	170	73
15	168	74
13	168	74
8	170	73
6	168	75
24	168	74
29	181	73
11	171	73
28	163	75
22	170	73
26	168	75
20	168	75
10	171	75
19	170	73
3	168	74
21	168	75
10	168	74
21	170	75
22	177	73
7	170	73
16	170	73
17	170	73
23	189	75
29	170	73
29	175	73
5	170	73
5	171	73
4	171	73
9	170	73
29	171	77
26	171	74
4	170	73
28	171	77
15	170	73
3	171	73
23	170	73
28	175	73
2	171	73
23	175	73
13	170	73
11	170	73
23	171	77
0	171	73
19	177	73
2	170	73
1	171	73
3	170	73
24	177	73
29	190	73
12	170	73
14	170	73
0	170	73
10	170	73
6	170	73
23	177	73
28	181	73
13	177	73
15	177	73
1	170	73
23	182	73
11	177	73
9	177	73
21	182	73
29	177	73
29	182	73
24	182	73
28	177	73
4	192	73
6	182	73
18	182	73
28	182	73
17	182	73
6	183	75
29	183	73
28	183	73
23	183	73
18	183	73
14	183	73
6	186	74
21	186	74
16	186	74
17	186	74
3	186	73
18	186	73
14	186	73
10	186	73
23	186	73
28	186	73
0	192	73
29	186	73
29	187	74
18	189	75
28	187	74
23	187	74
18	187	74
28	190	73
14	187	74
26	197	111
10	187	74
5	192	73
3	187	74
6	192	75
1	192	73
9	192	73
11	192	73
0	187	74
17	192	75
21	192	75
0	193	73
1	187	74
5	187	74
4	187	74
26	201	75
9	187	74
11	187	74
13	187	74
24	202	111
26	187	73
15	187	74
19	187	74
22	187	74
21	187	73
6	187	74
17	187	73
23	197	111
20	187	73
28	197	111
0	188	73
1	188	73
11	193	73
5	188	73
4	188	73
9	193	73
23	198	112
18	197	111
17	196	73
4	193	73
5	193	73
1	193	73
6	197	111
3	193	73
29	189	75
28	189	75
3	201	111
6	189	73
23	196	73
17	197	111
0	200	111
28	193	73
1	196	73
18	196	73
29	193	73
29	199	112
10	193	73
16	197	111
0	194	73
18	194	73
14	196	73
15	198	112
6	196	73
3	196	73
3	200	111
0	195	73
13	198	112
5	201	111
5	196	73
4	196	73
2	196	73
29	195	73
9	196	73
28	195	73
11	196	73
0	196	73
23	195	73
18	195	73
28	196	73
12	197	112
29	196	73
17	198	112
4	197	112
21	200	111
10	196	73
5	197	112
14	198	112
15	201	111
4	198	112
10	200	111
29	204	112
6	200	111
14	197	111
5	198	112
28	199	112
4	203	113
21	198	112
29	201	111
10	203	73
21	196	73
17	201	75
10	198	112
6	198	112
7	200	111
0	197	112
15	197	112
1	197	112
13	197	112
18	198	112
23	200	111
20	198	112
7	197	112
2	197	112
3	197	112
7	198	112
8	198	112
9	197	112
11	197	112
10	197	112
23	199	111
4	200	111
26	198	112
11	198	112
29	197	111
21	197	111
3	202	111
18	199	111
9	198	112
29	198	112
1	198	112
28	198	112
12	198	112
0	201	111
3	198	112
0	198	112
2	198	112
11	201	73
18	201	111
21	202	112
23	201	111
28	207	73
10	202	111
23	207	73
10	204	73
18	207	73
26	200	111
20	203	112
17	200	111
9	200	111
9	204	73
11	204	73
11	200	111
6	207	73
0	204	73
28	200	111
29	200	111
23	203	73
8	200	111
18	200	111
3	203	113
8	201	111
13	203	113
15	203	113
21	201	75
6	201	75
21	203	112
17	203	112
18	203	111
15	200	111
13	200	111
9	203	113
11	203	113
10	201	111
0	203	113
1	200	111
13	201	111
5	203	113
26	203	112
23	202	111
18	202	111
9	201	73
28	204	112
7	201	111
4	202	111
5	202	111
4	201	111
16	200	111
28	201	111
5	200	111
26	202	112
17	202	112
29	202	113
28	202	113
14	203	73
14	200	111
16	202	112
6	202	112
1	202	111
0	202	111
4	204	73
5	204	73
23	204	112
16	203	112
26	204	113
6	204	113
29	203	73
29	205	75
28	205	75
17	204	113
21	204	113
1	203	113
15	204	73
13	204	73
6	203	112
1	204	73
2	204	73
18	204	112
14	204	112
28	203	73
14	207	73
29	207	73
5	224	73
23	218	111
23	228	113
29	208	112
4	228	113
28	208	112
23	208	112
29	211	111
10	228	113
28	211	111
23	211	111
29	212	111
6	216	73
28	212	111
23	212	111
29	213	111
29	218	111
28	213	111
23	213	111
29	224	111
28	218	111
18	218	111
18	216	111
26	216	73
6	218	73
29	225	111
23	216	111
29	216	111
28	216	111
29	217	111
15	224	73
28	217	111
13	224	73
6	215	73
21	215	73
28	225	111
10	218	111
17	215	73
14	218	111
3	218	111
11	228	113
18	215	111
29	227	111
15	218	111
23	215	111
13	218	111
29	215	111
28	215	111
28	228	113
29	221	111
14	215	111
28	221	111
28	227	111
14	214	111
29	222	111
18	214	111
28	222	111
23	214	111
29	223	111
29	214	111
28	214	111
7	228	113
6	214	73
28	223	111
28	224	111
9	228	113
23	224	111
16	228	113
6	224	113
14	228	113
10	224	73
14	224	111
21	228	113
18	224	111
4	224	73
3	224	73
2	224	73
17	228	113
8	228	113
0	224	73
0	228	113
1	224	73
9	224	73
11	224	73
15	228	113
19	228	113
29	228	113
13	228	113
6	229	73
6	228	113
1	228	113
2	228	113
14	229	111
20	228	112
3	228	113
29	229	111
26	228	113
23	229	111
28	229	111
18	229	111
18	228	113
22	228	113
5	228	113
\.


--
-- Data for Name: unit; Type: TABLE DATA; Schema: public; Owner: wof
--

COPY unit ("unitId", name, "numberOfMoves", "attackPoints", "defensePoints", "canFly", "canSwim", "modMovesForest", "modMovesGrass", "modMovesSwamp", "modMovesMountains", "modMovesWater", "modAttackForest", "modAttackGrass", "modAttackSwamp", "modAttackMountains", "modAttackWater", "modDefenseForest", "modDefenseGrass", "modDefenseSwamp", "modDefenseMountains", "modDefenseWater", cost) FROM stdin;
1	Light Infantry	10	3	3	f	f	3	2	3	4	0	0	0	0	0	0	0	0	0	0	0	4
2	Heavy Infantry	8	5	5	f	f	0	0	0	0	0	0	0	0	0	0	0	0	0	0	0	4
3	Cavalry	16	6	4	f	f	0	0	0	0	0	0	0	0	0	0	0	0	0	0	0	8
4	Giants	10	6	6	f	f	0	0	0	0	0	0	0	0	0	0	0	0	0	0	0	4
5	Wolves	14	5	5	f	f	0	0	0	0	0	0	0	0	0	0	0	0	0	0	0	8
6	Navy	18	5	4	f	t	0	0	0	0	0	0	0	0	0	0	0	0	0	0	0	20
8	Pegasi	16	4	4	t	f	0	0	0	0	0	0	0	0	0	0	0	0	0	0	0	16
9	Dwarves	9	5	5	f	f	0	0	0	0	0	0	0	0	0	0	0	0	0	0	0	4
10	Griffins	18	6	5	t	f	0	0	0	0	0	0	0	0	0	0	0	0	0	0	0	16
11	Wizard	52	6	6	f	f	0	0	0	0	0	0	0	0	0	0	0	0	0	0	0	0
14	Devil	14	8	8	f	f	0	0	0	0	0	0	0	0	0	0	0	0	0	0	0	0
15	Dragon	20	9	9	t	f	0	0	0	0	0	0	0	0	0	0	0	0	0	0	0	0
13	Demon	14	7	7	f	f	0	0	0	0	0	0	0	0	0	0	0	0	0	0	0	0
12	Undead	16	7	7	f	f	0	0	0	0	0	0	0	0	0	0	0	0	0	0	0	0
7	Archers	12	4	2	f	f	0	0	0	0	0	0	0	0	0	0	0	0	0	0	0	4
\.


--
-- Name: army_pkey; Type: CONSTRAINT; Schema: public; Owner: wof; Tablespace: 
--

ALTER TABLE ONLY army
    ADD CONSTRAINT army_pkey PRIMARY KEY ("armyId", "gameId");


--
-- Name: artefact_pkey; Type: CONSTRAINT; Schema: public; Owner: wof; Tablespace: 
--

ALTER TABLE ONLY artefact
    ADD CONSTRAINT artefact_pkey PRIMARY KEY ("artefactId");


--
-- Name: castle_castleId_gameId_key; Type: CONSTRAINT; Schema: public; Owner: wof; Tablespace: 
--

ALTER TABLE ONLY castle
    ADD CONSTRAINT "castle_castleId_gameId_key" UNIQUE ("castleId", "gameId");


--
-- Name: chest_pkey; Type: CONSTRAINT; Schema: public; Owner: wof; Tablespace: 
--

ALTER TABLE ONLY chest
    ADD CONSTRAINT chest_pkey PRIMARY KEY ("chestId");


--
-- Name: game_pkey; Type: CONSTRAINT; Schema: public; Owner: wof; Tablespace: 
--

ALTER TABLE ONLY game
    ADD CONSTRAINT game_pkey PRIMARY KEY ("gameId");


--
-- Name: hero_pkey; Type: CONSTRAINT; Schema: public; Owner: wof; Tablespace: 
--

ALTER TABLE ONLY hero
    ADD CONSTRAINT hero_pkey PRIMARY KEY ("heroId");


--
-- Name: heroesingame_heroId_gameId_key; Type: CONSTRAINT; Schema: public; Owner: wof; Tablespace: 
--

ALTER TABLE ONLY heroesingame
    ADD CONSTRAINT "heroesingame_heroId_gameId_key" UNIQUE ("heroId", "gameId");


--
-- Name: inventory_heroId_artefactId_gameId_key; Type: CONSTRAINT; Schema: public; Owner: wof; Tablespace: 
--

ALTER TABLE ONLY inventory
    ADD CONSTRAINT "inventory_heroId_artefactId_gameId_key" UNIQUE ("heroId", "artefactId", "gameId");


--
-- Name: key; Type: CONSTRAINT; Schema: public; Owner: wof; Tablespace: 
--

ALTER TABLE ONLY player
    ADD CONSTRAINT key UNIQUE (login);


--
-- Name: log_pkey; Type: CONSTRAINT; Schema: public; Owner: wof; Tablespace: 
--

ALTER TABLE ONLY log
    ADD CONSTRAINT log_pkey PRIMARY KEY ("logId");


--
-- Name: map_pkey; Type: CONSTRAINT; Schema: public; Owner: wof; Tablespace: 
--

ALTER TABLE ONLY map
    ADD CONSTRAINT map_pkey PRIMARY KEY ("mapId");


--
-- Name: player_fbId_key; Type: CONSTRAINT; Schema: public; Owner: wof; Tablespace: 
--

ALTER TABLE ONLY player
    ADD CONSTRAINT "player_fbId_key" UNIQUE ("fbId");


--
-- Name: player_pkey; Type: CONSTRAINT; Schema: public; Owner: wof; Tablespace: 
--

ALTER TABLE ONLY player
    ADD CONSTRAINT player_pkey PRIMARY KEY ("playerId");


--
-- Name: playersingame_gameId_playerId_key; Type: CONSTRAINT; Schema: public; Owner: wof; Tablespace: 
--

ALTER TABLE ONLY playersingame
    ADD CONSTRAINT "playersingame_gameId_playerId_key" UNIQUE ("gameId", "playerId");


--
-- Name: ruin_pkey; Type: CONSTRAINT; Schema: public; Owner: wof; Tablespace: 
--

ALTER TABLE ONLY ruin
    ADD CONSTRAINT ruin_pkey PRIMARY KEY ("gameId", "ruinId");


--
-- Name: soldier_pkey; Type: CONSTRAINT; Schema: public; Owner: wof; Tablespace: 
--

ALTER TABLE ONLY soldier
    ADD CONSTRAINT soldier_pkey PRIMARY KEY ("soldierId");


--
-- Name: tower_towerId_gameId_playerId_key; Type: CONSTRAINT; Schema: public; Owner: wof; Tablespace: 
--

ALTER TABLE ONLY tower
    ADD CONSTRAINT "tower_towerId_gameId_playerId_key" UNIQUE ("towerId", "gameId", "playerId");


--
-- Name: unit_pkey; Type: CONSTRAINT; Schema: public; Owner: wof; Tablespace: 
--

ALTER TABLE ONLY unit
    ADD CONSTRAINT unit_pkey PRIMARY KEY ("unitId");


--
-- Name: army_gameId_fkey; Type: FK CONSTRAINT; Schema: public; Owner: wof
--

ALTER TABLE ONLY army
    ADD CONSTRAINT "army_gameId_fkey" FOREIGN KEY ("gameId") REFERENCES game("gameId") ON UPDATE CASCADE ON DELETE CASCADE;


--
-- Name: army_playerId_fkey; Type: FK CONSTRAINT; Schema: public; Owner: wof
--

ALTER TABLE ONLY army
    ADD CONSTRAINT "army_playerId_fkey" FOREIGN KEY ("playerId") REFERENCES player("playerId") ON UPDATE CASCADE ON DELETE CASCADE;


--
-- Name: castle_gameId_fkey; Type: FK CONSTRAINT; Schema: public; Owner: wof
--

ALTER TABLE ONLY castle
    ADD CONSTRAINT "castle_gameId_fkey" FOREIGN KEY ("gameId") REFERENCES game("gameId") ON UPDATE CASCADE ON DELETE CASCADE;


--
-- Name: castle_playerId_fkey; Type: FK CONSTRAINT; Schema: public; Owner: wof
--

ALTER TABLE ONLY castle
    ADD CONSTRAINT "castle_playerId_fkey" FOREIGN KEY ("playerId") REFERENCES player("playerId") ON UPDATE CASCADE ON DELETE CASCADE;


--
-- Name: castle_production_fkey; Type: FK CONSTRAINT; Schema: public; Owner: wof
--

ALTER TABLE ONLY castle
    ADD CONSTRAINT castle_production_fkey FOREIGN KEY (production) REFERENCES unit("unitId") ON UPDATE CASCADE ON DELETE SET NULL;


--
-- Name: chest_artefactId_fkey; Type: FK CONSTRAINT; Schema: public; Owner: wof
--

ALTER TABLE ONLY chest
    ADD CONSTRAINT "chest_artefactId_fkey" FOREIGN KEY ("artefactId") REFERENCES artefact("artefactId") ON UPDATE CASCADE ON DELETE CASCADE;


--
-- Name: chest_playerId_fkey; Type: FK CONSTRAINT; Schema: public; Owner: wof
--

ALTER TABLE ONLY chest
    ADD CONSTRAINT "chest_playerId_fkey" FOREIGN KEY ("playerId") REFERENCES player("playerId") ON UPDATE CASCADE ON DELETE CASCADE;


--
-- Name: game_gameMasterId_fkey; Type: FK CONSTRAINT; Schema: public; Owner: wof
--

ALTER TABLE ONLY game
    ADD CONSTRAINT "game_gameMasterId_fkey" FOREIGN KEY ("gameMasterId") REFERENCES player("playerId") ON UPDATE CASCADE ON DELETE SET NULL;


--
-- Name: game_turnPlayerId_fkey; Type: FK CONSTRAINT; Schema: public; Owner: wof
--

ALTER TABLE ONLY game
    ADD CONSTRAINT "game_turnPlayerId_fkey" FOREIGN KEY ("turnPlayerId") REFERENCES player("playerId") ON UPDATE CASCADE ON DELETE SET NULL;


--
-- Name: hero_playerId_fkey; Type: FK CONSTRAINT; Schema: public; Owner: wof
--

ALTER TABLE ONLY hero
    ADD CONSTRAINT "hero_playerId_fkey" FOREIGN KEY ("playerId") REFERENCES player("playerId") ON UPDATE CASCADE ON DELETE CASCADE;


--
-- Name: heroesingame_armyId_fkey; Type: FK CONSTRAINT; Schema: public; Owner: wof
--

ALTER TABLE ONLY heroesingame
    ADD CONSTRAINT "heroesingame_armyId_fkey" FOREIGN KEY ("armyId", "gameId") REFERENCES army("armyId", "gameId") ON UPDATE CASCADE ON DELETE CASCADE;


--
-- Name: heroesingame_gameId_fkey; Type: FK CONSTRAINT; Schema: public; Owner: wof
--

ALTER TABLE ONLY heroesingame
    ADD CONSTRAINT "heroesingame_gameId_fkey" FOREIGN KEY ("gameId") REFERENCES game("gameId") ON UPDATE CASCADE ON DELETE CASCADE;


--
-- Name: heroesingame_heroId_fkey; Type: FK CONSTRAINT; Schema: public; Owner: wof
--

ALTER TABLE ONLY heroesingame
    ADD CONSTRAINT "heroesingame_heroId_fkey" FOREIGN KEY ("heroId") REFERENCES hero("heroId") ON UPDATE CASCADE ON DELETE CASCADE;


--
-- Name: inventory_artefactId_fkey; Type: FK CONSTRAINT; Schema: public; Owner: wof
--

ALTER TABLE ONLY inventory
    ADD CONSTRAINT "inventory_artefactId_fkey" FOREIGN KEY ("artefactId") REFERENCES artefact("artefactId") ON UPDATE CASCADE ON DELETE CASCADE;


--
-- Name: inventory_gameId_fkey; Type: FK CONSTRAINT; Schema: public; Owner: wof
--

ALTER TABLE ONLY inventory
    ADD CONSTRAINT "inventory_gameId_fkey" FOREIGN KEY ("gameId") REFERENCES game("gameId") ON UPDATE CASCADE ON DELETE CASCADE;


--
-- Name: inventory_heroId_fkey; Type: FK CONSTRAINT; Schema: public; Owner: wof
--

ALTER TABLE ONLY inventory
    ADD CONSTRAINT "inventory_heroId_fkey" FOREIGN KEY ("heroId") REFERENCES hero("heroId") ON UPDATE CASCADE ON DELETE CASCADE;


--
-- Name: map_playerId_fkey; Type: FK CONSTRAINT; Schema: public; Owner: wof
--

ALTER TABLE ONLY map
    ADD CONSTRAINT "map_playerId_fkey" FOREIGN KEY ("playerId") REFERENCES player("playerId") ON UPDATE CASCADE ON DELETE SET NULL;


--
-- Name: playersingame_gameId_fkey; Type: FK CONSTRAINT; Schema: public; Owner: wof
--

ALTER TABLE ONLY playersingame
    ADD CONSTRAINT "playersingame_gameId_fkey" FOREIGN KEY ("gameId") REFERENCES game("gameId") ON UPDATE CASCADE ON DELETE CASCADE;


--
-- Name: playersingame_playerId_fkey; Type: FK CONSTRAINT; Schema: public; Owner: wof
--

ALTER TABLE ONLY playersingame
    ADD CONSTRAINT "playersingame_playerId_fkey" FOREIGN KEY ("playerId") REFERENCES player("playerId") ON UPDATE CASCADE ON DELETE CASCADE;


--
-- Name: production_unitId_fkey; Type: FK CONSTRAINT; Schema: public; Owner: wof
--

ALTER TABLE ONLY production
    ADD CONSTRAINT "production_unitId_fkey" FOREIGN KEY ("unitId") REFERENCES unit("unitId") ON UPDATE CASCADE ON DELETE CASCADE;


--
-- Name: soldier_armyId_fkey; Type: FK CONSTRAINT; Schema: public; Owner: wof
--

ALTER TABLE ONLY soldier
    ADD CONSTRAINT "soldier_armyId_fkey" FOREIGN KEY ("armyId", "gameId") REFERENCES army("armyId", "gameId") ON UPDATE CASCADE ON DELETE CASCADE;


--
-- Name: soldier_unitId_fkey; Type: FK CONSTRAINT; Schema: public; Owner: wof
--

ALTER TABLE ONLY soldier
    ADD CONSTRAINT "soldier_unitId_fkey" FOREIGN KEY ("unitId") REFERENCES unit("unitId") ON UPDATE CASCADE ON DELETE CASCADE;


--
-- Name: tower_gameId_fkey; Type: FK CONSTRAINT; Schema: public; Owner: wof
--

ALTER TABLE ONLY tower
    ADD CONSTRAINT "tower_gameId_fkey" FOREIGN KEY ("gameId") REFERENCES game("gameId") ON UPDATE CASCADE ON DELETE CASCADE;


--
-- Name: tower_playerId_fkey; Type: FK CONSTRAINT; Schema: public; Owner: wof
--

ALTER TABLE ONLY tower
    ADD CONSTRAINT "tower_playerId_fkey" FOREIGN KEY ("playerId") REFERENCES player("playerId") ON UPDATE CASCADE ON DELETE CASCADE;


--
-- Name: public; Type: ACL; Schema: -; Owner: postgres
--

REVOKE ALL ON SCHEMA public FROM PUBLIC;
REVOKE ALL ON SCHEMA public FROM postgres;
GRANT ALL ON SCHEMA public TO postgres;
GRANT ALL ON SCHEMA public TO PUBLIC;


--
-- PostgreSQL database dump complete
--

